Year,Economy,Economy Label,Partner,Partner Label,Product,Product Label,Flow,Flow Label,US$ at current prices in thousands,US$ at current prices in thousands Footnote,US$ at current prices in thousands Missing value,"Growth rate, year-on-year","Growth rate, year-on-year Footnote","Growth rate, year-on-year Missing value"
2012,156,"China",528,"Netherlands (Kingdom of the)",O_TOT,"Total",02,"Exports",1933170.359,,,,,"No value reported or collected"
2012,156,"China",528,"Netherlands (Kingdom of the)",O_TOT,"Total",01,"Imports",423986.93,,,,,"No value reported or collected"
2012,156,"China",682,"Saudi Arabia",O_TOT,"Total",02,"Exports",981007.346,,,,,"No value reported or collected"
2012,156,"China",682,"Saudi Arabia",O_TOT,"Total",01,"Imports",50045.892,,,,,"No value reported or collected"
2012,156,"China",784,"United Arab Emirates",O_TOT,"Total",02,"Exports",897360.754,,,,,"No value reported or collected"
2012,156,"China",784,"United Arab Emirates",O_TOT,"Total",01,"Imports",6682.431,,,,,"No value reported or collected"
2012,528,"Netherlands (Kingdom of the)",156,"China",O_TOT,"Total",02,"Exports",427973.354,,,,,"No value reported or collected"
2012,528,"Netherlands (Kingdom of the)",156,"China",O_TOT,"Total",01,"Imports",880751.615,,,,,"No value reported or collected"
2012,643,"Russian Federation",760,"Syrian Arab Republic",O_TOT,"Total",02,"Exports",652.335,,,,,"No value reported or collected"
2012,643,"Russian Federation",760,"Syrian Arab Republic",O_TOT,"Total",01,"Imports",65.786,,,,,"No value reported or collected"
2012,682,"Saudi Arabia",156,"China",O_TOT,"Total",02,"Exports",48048.833,,,,,"No value reported or collected"
2012,682,"Saudi Arabia",156,"China",O_TOT,"Total",01,"Imports",545985.32,,,,,"No value reported or collected"
2012,784,"United Arab Emirates",156,"China",O_TOT,"Total",02,"Exports",21310.511,,,,,"No value reported or collected"
2012,784,"United Arab Emirates",156,"China",O_TOT,"Total",01,"Imports",577290.086,,,,,"No value reported or collected"
2012,887,"Yemen",408,"Dem. People's Rep. of Korea",O_TOT,"Total",02,"Exports",2.411,,,,,"No value reported or collected"
2012,887,"Yemen",408,"Dem. People's Rep. of Korea",O_TOT,"Total",01,"Imports",0.215,,,,,"No value reported or collected"
2012,887,"Yemen",364,"Iran (Islamic Republic of)",O_TOT,"Total",01,"Imports",485.647,,,,,"No value reported or collected"
2012,156,"China",528,"Netherlands (Kingdom of the)",O_TOT,"Total",02,"Exports",1933170.359,,,,,"No value reported or collected"
2012,156,"China",528,"Netherlands (Kingdom of the)",O_TOT,"Total",01,"Imports",423986.93,,,,,"No value reported or collected"
2012,156,"China",682,"Saudi Arabia",O_TOT,"Total",02,"Exports",981007.346,,,,,"No value reported or collected"
2012,156,"China",682,"Saudi Arabia",O_TOT,"Total",01,"Imports",50045.892,,,,,"No value reported or collected"
2012,156,"China",784,"United Arab Emirates",O_TOT,"Total",02,"Exports",897360.754,,,,,"No value reported or collected"
2012,156,"China",784,"United Arab Emirates",O_TOT,"Total",01,"Imports",6682.431,,,,,"No value reported or collected"
2012,528,"Netherlands (Kingdom of the)",156,"China",O_TOT,"Total",02,"Exports",427973.354,,,,,"No value reported or collected"
2012,528,"Netherlands (Kingdom of the)",156,"China",O_TOT,"Total",01,"Imports",880751.615,,,,,"No value reported or collected"
2012,643,"Russian Federation",760,"Syrian Arab Republic",O_TOT,"Total",02,"Exports",652.335,,,,,"No value reported or collected"
2012,643,"Russian Federation",760,"Syrian Arab Republic",O_TOT,"Total",01,"Imports",65.786,,,,,"No value reported or collected"
2012,682,"Saudi Arabia",156,"China",O_TOT,"Total",02,"Exports",48048.833,,,,,"No value reported or collected"
2012,682,"Saudi Arabia",156,"China",O_TOT,"Total",01,"Imports",545985.32,,,,,"No value reported or collected"
2012,784,"United Arab Emirates",156,"China",O_TOT,"Total",02,"Exports",21310.511,,,,,"No value reported or collected"
2012,784,"United Arab Emirates",156,"China",O_TOT,"Total",01,"Imports",577290.086,,,,,"No value reported or collected"
2013,156,"China",528,"Netherlands (Kingdom of the)",O_TOT,"Total",02,"Exports",1762618.503,,,-8.8224,,
2013,156,"China",528,"Netherlands (Kingdom of the)",O_TOT,"Total",01,"Imports",357727.138,,,-15.6278,,
2013,156,"China",682,"Saudi Arabia",O_TOT,"Total",02,"Exports",750468.006,,,-23.5003,,
2013,156,"China",682,"Saudi Arabia",O_TOT,"Total",01,"Imports",47126.598,,,-5.8332,,
2013,156,"China",784,"United Arab Emirates",O_TOT,"Total",02,"Exports",1293071.866,,,44.0972,,
2013,156,"China",784,"United Arab Emirates",O_TOT,"Total",01,"Imports",19034.882,,,184.8497,,
2013,364,"Iran (Islamic Republic of)",887,"Yemen",O_TOT,"Total",02,"Exports",550.955,,,,,"No value reported or collected"
2013,528,"Netherlands (Kingdom of the)",156,"China",O_TOT,"Total",02,"Exports",294106.673,,,-31.2792,,
2013,528,"Netherlands (Kingdom of the)",156,"China",O_TOT,"Total",01,"Imports",939233.476,,,6.64,,
2013,643,"Russian Federation",760,"Syrian Arab Republic",O_TOT,"Total",02,"Exports",6415.995,,,883.5426,,
2013,643,"Russian Federation",760,"Syrian Arab Republic",O_TOT,"Total",01,"Imports",69.322,,,5.3739,,
2013,682,"Saudi Arabia",156,"China",O_TOT,"Total",02,"Exports",69207.087,,,44.0349,,
2013,682,"Saudi Arabia",156,"China",O_TOT,"Total",01,"Imports",672782.584,,,23.2236,,
2013,784,"United Arab Emirates",156,"China",O_TOT,"Total",02,"Exports",19584.452,,,-8.0996,,
2013,784,"United Arab Emirates",156,"China",O_TOT,"Total",01,"Imports",408738.373,,,-29.1971,,
2013,887,"Yemen",408,"Dem. People's Rep. of Korea",O_TOT,"Total",01,"Imports",1.433,,,566.5116,,
2013,887,"Yemen",364,"Iran (Islamic Republic of)",O_TOT,"Total",01,"Imports",343.06,,,-29.3602,,
2014,156,"China",528,"Netherlands (Kingdom of the)",O_TOT,"Total",02,"Exports",1677434.637,,,-4.8328,,
2014,156,"China",528,"Netherlands (Kingdom of the)",O_TOT,"Total",01,"Imports",340628.531,,,-4.7798,,
2014,156,"China",682,"Saudi Arabia",O_TOT,"Total",02,"Exports",747439.481,,,-0.4036,,
2014,156,"China",682,"Saudi Arabia",O_TOT,"Total",01,"Imports",54286.619,,,15.1932,,
2014,156,"China",784,"United Arab Emirates",O_TOT,"Total",02,"Exports",1056971.738,,,-18.2589,,
2014,156,"China",784,"United Arab Emirates",O_TOT,"Total",01,"Imports",16519.831,,,-13.2129,,
2014,364,"Iran (Islamic Republic of)",887,"Yemen",O_TOT,"Total",02,"Exports",490.373,,,-10.9957,,
2014,528,"Netherlands (Kingdom of the)",156,"China",O_TOT,"Total",02,"Exports",385904.703,,,31.2125,,
2014,528,"Netherlands (Kingdom of the)",156,"China",O_TOT,"Total",01,"Imports",1199648.771,,,27.7264,,
2014,643,"Russian Federation",760,"Syrian Arab Republic",O_TOT,"Total",02,"Exports",2152.499,,,-66.451,,
2014,643,"Russian Federation",760,"Syrian Arab Republic",O_TOT,"Total",01,"Imports",12.098,,,-82.5483,,
2014,682,"Saudi Arabia",156,"China",O_TOT,"Total",02,"Exports",55030.543,,,-20.4842,,
2014,682,"Saudi Arabia",156,"China",O_TOT,"Total",01,"Imports",758947.36,,,12.8072,,
2014,784,"United Arab Emirates",156,"China",O_TOT,"Total",02,"Exports",24802.739,,,26.645,,
2014,784,"United Arab Emirates",156,"China",O_TOT,"Total",01,"Imports",494026.942,,,20.8663,,
2014,887,"Yemen",408,"Dem. People's Rep. of Korea",O_TOT,"Total",01,"Imports",2.183,,,52.3238,,
2014,887,"Yemen",364,"Iran (Islamic Republic of)",O_TOT,"Total",01,"Imports",514.534,,,49.9837,,
2015,156,"China",528,"Netherlands (Kingdom of the)",O_TOT,"Total",02,"Exports",1506468.728,,,-10.1921,,
2015,156,"China",528,"Netherlands (Kingdom of the)",O_TOT,"Total",01,"Imports",284232.924,,,-16.5563,,
2015,156,"China",682,"Saudi Arabia",O_TOT,"Total",02,"Exports",644965.694,,,-13.71,,
2015,156,"China",682,"Saudi Arabia",O_TOT,"Total",01,"Imports",40246.956,,,-25.8621,,
2015,156,"China",784,"United Arab Emirates",O_TOT,"Total",02,"Exports",1089100.311,,,3.0397,,
2015,156,"China",784,"United Arab Emirates",O_TOT,"Total",01,"Imports",11855.522,,,-28.2346,,
2015,364,"Iran (Islamic Republic of)",887,"Yemen",O_TOT,"Total",02,"Exports",923.884,,,88.4043,,
2015,528,"Netherlands (Kingdom of the)",156,"China",O_TOT,"Total",02,"Exports",332068.814,,,-13.9506,,
2015,528,"Netherlands (Kingdom of the)",156,"China",O_TOT,"Total",01,"Imports",974270.648,,,-18.787,,
2015,643,"Russian Federation",760,"Syrian Arab Republic",O_TOT,"Total",02,"Exports",420.067,,,-80.4847,,
2015,682,"Saudi Arabia",156,"China",O_TOT,"Total",02,"Exports",27663.625,,,-49.7304,,
2015,682,"Saudi Arabia",156,"China",O_TOT,"Total",01,"Imports",806758.256,,,6.2996,,
2015,784,"United Arab Emirates",156,"China",O_TOT,"Total",02,"Exports",13990.843,,,-43.5915,,
2015,784,"United Arab Emirates",156,"China",O_TOT,"Total",01,"Imports",565857.41,,,14.5398,,
2015,887,"Yemen",408,"Dem. People's Rep. of Korea",O_TOT,"Total",01,"Imports",0.14,,,-93.5771,,
2015,887,"Yemen",364,"Iran (Islamic Republic of)",O_TOT,"Total",01,"Imports",291.228,,,-43.3997,,
2016,156,"China",528,"Netherlands (Kingdom of the)",O_TOT,"Total",02,"Exports",1694569.146,,,12.4862,,
2016,156,"China",528,"Netherlands (Kingdom of the)",O_TOT,"Total",01,"Imports",448800.8,,,57.8989,,
2016,156,"China",682,"Saudi Arabia",O_TOT,"Total",02,"Exports",503388.768,,,-21.9511,,
2016,156,"China",682,"Saudi Arabia",O_TOT,"Total",01,"Imports",47841.973,,,18.871,,
2016,156,"China",784,"United Arab Emirates",O_TOT,"Total",02,"Exports",1133146.81,,,4.0443,,
2016,156,"China",784,"United Arab Emirates",O_TOT,"Total",01,"Imports",8234.686,,,-30.5413,,
2016,192,"Cuba",408,"Dem. People's Rep. of Korea",O_TOT,"Total",01,"Imports",210.617,,,,,"No value reported or collected"
2016,364,"Iran (Islamic Republic of)",887,"Yemen",O_TOT,"Total",02,"Exports",1352.041,,,46.3431,,
2016,528,"Netherlands (Kingdom of the)",156,"China",O_TOT,"Total",02,"Exports",538049.7,,,62.0296,,
2016,528,"Netherlands (Kingdom of the)",156,"China",O_TOT,"Total",01,"Imports",990681.195,,,1.6844,,
2016,643,"Russian Federation",760,"Syrian Arab Republic",O_TOT,"Total",02,"Exports",724.202,,,72.4017,,
2016,643,"Russian Federation",760,"Syrian Arab Republic",O_TOT,"Total",01,"Imports",5.071,,,,,"No value reported or collected"
2016,682,"Saudi Arabia",156,"China",O_TOT,"Total",02,"Exports",68565.617,,,147.8548,,
2016,682,"Saudi Arabia",156,"China",O_TOT,"Total",01,"Imports",713611.803,,,-11.5458,,
2016,784,"United Arab Emirates",156,"China",O_TOT,"Total",02,"Exports",23342.823,,,66.8436,,
2016,784,"United Arab Emirates",156,"China",O_TOT,"Total",01,"Imports",717191.302,,,26.7442,,
2017,156,"China",528,"Netherlands (Kingdom of the)",O_TOT,"Total",02,"Exports",2250276.062,,,32.7934,,
2017,156,"China",528,"Netherlands (Kingdom of the)",O_TOT,"Total",01,"Imports",276098.837,,,-38.4808,,
2017,156,"China",682,"Saudi Arabia",O_TOT,"Total",02,"Exports",672667.22,,,33.6278,,
2017,156,"China",682,"Saudi Arabia",O_TOT,"Total",01,"Imports",59460.563,,,24.2853,,
2017,156,"China",784,"United Arab Emirates",O_TOT,"Total",02,"Exports",772443.444,,,-31.832,,
2017,156,"China",784,"United Arab Emirates",O_TOT,"Total",01,"Imports",12699.864,,,54.224,,
2017,192,"Cuba",408,"Dem. People's Rep. of Korea",O_TOT,"Total",01,"Imports",59.525,,,-71.7379,,
2017,364,"Iran (Islamic Republic of)",887,"Yemen",O_TOT,"Total",02,"Exports",21.511,,,-98.409,,
2017,528,"Netherlands (Kingdom of the)",156,"China",O_TOT,"Total",02,"Exports",491655.473,,,-8.6227,,
2017,528,"Netherlands (Kingdom of the)",156,"China",O_TOT,"Total",01,"Imports",1182036.835,,,19.3156,,
2017,643,"Russian Federation",760,"Syrian Arab Republic",O_TOT,"Total",02,"Exports",733.774,,,1.3217,,
2017,643,"Russian Federation",760,"Syrian Arab Republic",O_TOT,"Total",01,"Imports",0.427,,,-91.5771,,
2017,682,"Saudi Arabia",156,"China",O_TOT,"Total",02,"Exports",59050.056,,,-13.878,,
2017,682,"Saudi Arabia",156,"China",O_TOT,"Total",01,"Imports",1000521.846,,,40.2053,,
2017,784,"United Arab Emirates",156,"China",O_TOT,"Total",02,"Exports",42702.435,,,82.936,,
2017,784,"United Arab Emirates",156,"China",O_TOT,"Total",01,"Imports",726454.098,,,1.2915,,
2018,156,"China",528,"Netherlands (Kingdom of the)",O_TOT,"Total",02,"Exports",1934261.709,,,-14.0434,,
2018,156,"China",528,"Netherlands (Kingdom of the)",O_TOT,"Total",01,"Imports",296912.058,,,7.5383,,
2018,156,"China",682,"Saudi Arabia",O_TOT,"Total",02,"Exports",612411.495,,,-8.9577,,
2018,156,"China",682,"Saudi Arabia",O_TOT,"Total",01,"Imports",72456.157,,,21.8558,,
2018,156,"China",784,"United Arab Emirates",O_TOT,"Total",02,"Exports",1489712.587,,,92.8572,,
2018,156,"China",784,"United Arab Emirates",O_TOT,"Total",01,"Imports",38710.158,,,204.8076,,
2018,192,"Cuba",408,"Dem. People's Rep. of Korea",O_TOT,"Total",01,"Imports",11.401,,,-80.8465,,
2018,528,"Netherlands (Kingdom of the)",156,"China",O_TOT,"Total",02,"Exports",509361.754,,,3.6014,,
2018,528,"Netherlands (Kingdom of the)",156,"China",O_TOT,"Total",01,"Imports",1350038.748,,,14.2129,,
2018,643,"Russian Federation",760,"Syrian Arab Republic",O_TOT,"Total",02,"Exports",2357.805,,,221.3258,,
2018,643,"Russian Federation",760,"Syrian Arab Republic",O_TOT,"Total",01,"Imports",17.859,,,4081.1785,,
2018,682,"Saudi Arabia",156,"China",O_TOT,"Total",02,"Exports",69450.019,,,17.6121,,
2018,682,"Saudi Arabia",156,"China",O_TOT,"Total",01,"Imports",929821.663,,,-7.0663,,
2018,784,"United Arab Emirates",156,"China",O_TOT,"Total",02,"Exports",24956.103,,,-41.5581,,
2018,784,"United Arab Emirates",156,"China",O_TOT,"Total",01,"Imports",1294919.744,,,78.2521,,
2018,887,"Yemen",408,"Dem. People's Rep. of Korea",O_TOT,"Total",01,"Imports",3.799,,,,,"No value reported or collected"
2018,887,"Yemen",364,"Iran (Islamic Republic of)",O_TOT,"Total",01,"Imports",7.803,,,,,"No value reported or collected"
2019,156,"China",528,"Netherlands (Kingdom of the)",O_TOT,"Total",02,"Exports",2103440.186,,,8.7464,,
2019,156,"China",528,"Netherlands (Kingdom of the)",O_TOT,"Total",01,"Imports",360243.137,,,21.3299,,
2019,156,"China",682,"Saudi Arabia",O_TOT,"Total",02,"Exports",611758.114,,,-0.1067,,
2019,156,"China",682,"Saudi Arabia",O_TOT,"Total",01,"Imports",70655.634,,,-2.485,,
2019,156,"China",784,"United Arab Emirates",O_TOT,"Total",02,"Exports",2337241.159,,,56.8921,,
2019,156,"China",784,"United Arab Emirates",O_TOT,"Total",01,"Imports",64458.496,,,66.5157,,
2019,192,"Cuba",408,"Dem. People's Rep. of Korea",O_TOT,"Total",01,"Imports",7.864,,,-31.0226,,
2019,364,"Iran (Islamic Republic of)",887,"Yemen",O_TOT,"Total",02,"Exports",81.2,,,,,"No value reported or collected"
2019,528,"Netherlands (Kingdom of the)",156,"China",O_TOT,"Total",02,"Exports",740284.227,,,45.3357,,
2019,528,"Netherlands (Kingdom of the)",156,"China",O_TOT,"Total",01,"Imports",1527000.983,,,13.1079,,
2019,643,"Russian Federation",760,"Syrian Arab Republic",O_TOT,"Total",02,"Exports",4195.311,,,77.9329,,
2019,643,"Russian Federation",760,"Syrian Arab Republic",O_TOT,"Total",01,"Imports",14.284,,,-20.0167,,
2019,682,"Saudi Arabia",156,"China",O_TOT,"Total",02,"Exports",133206.772,,,91.8024,,
2019,682,"Saudi Arabia",156,"China",O_TOT,"Total",01,"Imports",2815546.929,,,202.805,,
2019,784,"United Arab Emirates",156,"China",O_TOT,"Total",02,"Exports",100896.388,,,304.2954,,
2019,784,"United Arab Emirates",156,"China",O_TOT,"Total",01,"Imports",1217145.491,,,-6.0061,,
2019,887,"Yemen",408,"Dem. People's Rep. of Korea",O_TOT,"Total",01,"Imports",0.66,,,-82.6262,,
2019,887,"Yemen",364,"Iran (Islamic Republic of)",O_TOT,"Total",01,"Imports",22.728,,,191.2634,,
2020,156,"China",528,"Netherlands (Kingdom of the)",O_TOT,"Total",02,"Exports",2055763.596,,,-2.2666,,
2020,156,"China",528,"Netherlands (Kingdom of the)",O_TOT,"Total",01,"Imports",389707.529,,,8.179,,
2020,156,"China",682,"Saudi Arabia",O_TOT,"Total",02,"Exports",665497.658,,,8.7844,,
2020,156,"China",682,"Saudi Arabia",O_TOT,"Total",01,"Imports",77738.787,,,10.0249,,
2020,156,"China",784,"United Arab Emirates",O_TOT,"Total",02,"Exports",1415482.748,,,-39.4379,,
2020,156,"China",784,"United Arab Emirates",O_TOT,"Total",01,"Imports",121460.036,,,88.4314,,
2020,364,"Iran (Islamic Republic of)",887,"Yemen",O_TOT,"Total",02,"Exports",54.957,,,-32.3191,,
2020,528,"Netherlands (Kingdom of the)",156,"China",O_TOT,"Total",02,"Exports",716739.215,,,-3.1805,,
2020,528,"Netherlands (Kingdom of the)",156,"China",O_TOT,"Total",01,"Imports",1615325.617,,,5.7842,,
2020,682,"Saudi Arabia",156,"China",O_TOT,"Total",02,"Exports",240363.257,,,80.4437,,
2020,682,"Saudi Arabia",156,"China",O_TOT,"Total",01,"Imports",1331971.92,,,-52.6922,,
2020,784,"United Arab Emirates",156,"China",O_TOT,"Total",02,"Exports",207695.159,,,105.8499,,
2020,784,"United Arab Emirates",156,"China",O_TOT,"Total",01,"Imports",980220.861,,,-19.4656,,
2021,156,"China",528,"Netherlands (Kingdom of the)",O_TOT,"Total",02,"Exports",2807220.72,,,36.5537,,
2021,156,"China",528,"Netherlands (Kingdom of the)",O_TOT,"Total",01,"Imports",457945.425,,,17.51,,
2021,156,"China",682,"Saudi Arabia",O_TOT,"Total",02,"Exports",608628.943,,,-8.5453,,
2021,156,"China",682,"Saudi Arabia",O_TOT,"Total",01,"Imports",96911.471,,,24.663,,
2021,156,"China",784,"United Arab Emirates",O_TOT,"Total",02,"Exports",1573781.037,,,11.1833,,
2021,156,"China",784,"United Arab Emirates",O_TOT,"Total",01,"Imports",277845.533,,,128.7547,,
2021,364,"Iran (Islamic Republic of)",887,"Yemen",O_TOT,"Total",02,"Exports",28.719,,,-47.7417,,
2021,528,"Netherlands (Kingdom of the)",156,"China",O_TOT,"Total",02,"Exports",692383.501,,,-3.3981,,
2021,528,"Netherlands (Kingdom of the)",156,"China",O_TOT,"Total",01,"Imports",2067564.126,,,27.9967,,
2021,682,"Saudi Arabia",156,"China",O_TOT,"Total",02,"Exports",221128.952,,,-8.0022,,
2021,682,"Saudi Arabia",156,"China",O_TOT,"Total",01,"Imports",1503019.218,,,12.8417,,
2021,784,"United Arab Emirates",156,"China",O_TOT,"Total",02,"Exports",109933.702,,,-47.0697,,
2021,784,"United Arab Emirates",156,"China",O_TOT,"Total",01,"Imports",1157498.087,,,18.0854,,
2022,156,"China",528,"Netherlands (Kingdom of the)",O_TOT,"Total",02,"Exports",3623369.233,,,29.0732,,
2022,156,"China",528,"Netherlands (Kingdom of the)",O_TOT,"Total",01,"Imports",449492.546,,,-1.8458,,
2022,156,"China",682,"Saudi Arabia",O_TOT,"Total",02,"Exports",994241.142,,,63.3575,,
2022,156,"China",682,"Saudi Arabia",O_TOT,"Total",01,"Imports",137696.161,,,42.0845,,
2022,156,"China",784,"United Arab Emirates",O_TOT,"Total",02,"Exports",1535615.852,,,-2.4251,,
2022,156,"China",784,"United Arab Emirates",O_TOT,"Total",01,"Imports",117435.061,,,-57.7337,,
2022,364,"Iran (Islamic Republic of)",887,"Yemen",O_TOT,"Total",02,"Exports",79.368,,,176.3574,,
2022,528,"Netherlands (Kingdom of the)",156,"China",O_TOT,"Total",02,"Exports",596569.975,,,-13.8382,,
2022,528,"Netherlands (Kingdom of the)",156,"China",O_TOT,"Total",01,"Imports",2296912.836,,,11.0927,,
2022,682,"Saudi Arabia",156,"China",O_TOT,"Total",02,"Exports",88893.017,,,-59.8004,,
2022,682,"Saudi Arabia",156,"China",O_TOT,"Total",01,"Imports",2559689.475,,,70.3032,,
2022,784,"United Arab Emirates",156,"China",O_TOT,"Total",02,"Exports",91961.796,,,-16.3479,,
2022,784,"United Arab Emirates",156,"China",O_TOT,"Total",01,"Imports",1526884.492,,,31.9125,,
2023,156,"China",528,"Netherlands (Kingdom of the)",O_TOT,"Total",02,"Exports",3220346.287,,,-11.1229,,
2023,156,"China",528,"Netherlands (Kingdom of the)",O_TOT,"Total",01,"Imports",453754.695,,,0.9482,,
2023,156,"China",682,"Saudi Arabia",O_TOT,"Total",02,"Exports",1322890.988,,,33.0553,,
2023,156,"China",682,"Saudi Arabia",O_TOT,"Total",01,"Imports",149155.738,,,8.3224,,
2023,156,"China",784,"United Arab Emirates",O_TOT,"Total",02,"Exports",2112703.692,,,37.5802,,
2023,156,"China",784,"United Arab Emirates",O_TOT,"Total",01,"Imports",142159.658,,,21.0538,,
2023,528,"Netherlands (Kingdom of the)",156,"China",O_TOT,"Total",02,"Exports",560984.301,,,-5.965,,
2023,528,"Netherlands (Kingdom of the)",156,"China",O_TOT,"Total",01,"Imports",2067911.736,,,-9.97,,
2023,682,"Saudi Arabia",156,"China",O_TOT,"Total",02,"Exports",96997.491,,,9.1171,,
2023,682,"Saudi Arabia",156,"China",O_TOT,"Total",01,"Imports",2190886.966,,,-14.4081,,
2023,784,"United Arab Emirates",156,"China",O_TOT,"Total",02,"Exports",97454.36,,,5.9727,,
2023,784,"United Arab Emirates",156,"China",O_TOT,"Total",01,"Imports",1805517.518,,,18.2485,,
2023,887,"Yemen",364,"Iran (Islamic Republic of)",O_TOT,"Total",01,"Imports",285.33,,,,,"No value reported or collected"
2024,156,"China",528,"Netherlands (Kingdom of the)",O_TOT,"Total",02,"Exports",3214680.526,,,-0.1759,,
2024,156,"China",528,"Netherlands (Kingdom of the)",O_TOT,"Total",01,"Imports",436512.523,,,-3.7999,,
2024,156,"China",682,"Saudi Arabia",O_TOT,"Total",02,"Exports",2149654.41,,,62.4967,,
2024,156,"China",682,"Saudi Arabia",O_TOT,"Total",01,"Imports",127664.504,,,-14.4086,,
2024,156,"China",784,"United Arab Emirates",O_TOT,"Total",02,"Exports",2775550.309,,,31.3743,,
2024,156,"China",784,"United Arab Emirates",O_TOT,"Total",01,"Imports",198165.053,,,39.3961,,
2024,528,"Netherlands (Kingdom of the)",156,"China",O_TOT,"Total",02,"Exports",512313.1,,,-8.676,,
2024,528,"Netherlands (Kingdom of the)",156,"China",O_TOT,"Total",01,"Imports",2137413.533,,,3.361,,
2024,682,"Saudi Arabia",156,"China",O_TOT,"Total",02,"Exports",554557.831,,,471.7239,,
2024,682,"Saudi Arabia",156,"China",O_TOT,"Total",01,"Imports",3024136.326,,,38.0325,,
2024,887,"Yemen",364,"Iran (Islamic Republic of)",O_TOT,"Total",01,"Imports",2.912,,,-98.9796,,
2025,528,"Netherlands (Kingdom of the)",156,"China",O_TOT,"Total",02,"Exports",623765.94,,,21.7548,,
2025,528,"Netherlands (Kingdom of the)",156,"China",O_TOT,"Total",01,"Imports",2217511.035,,,3.7474,,
