period,Annual – Million tonne-kilometre (TKM) – All countries of the world – Austria (Eurostat/rail_go_intgong/A.MIO_TKM.WORLD.AT),Annual – Million tonne-kilometre (TKM) – All countries of the world – Belgium (Eurostat/rail_go_intgong/A.MIO_TKM.WORLD.BE),Annual – Million tonne-kilometre (TKM) – All countries of the world – Bulgaria (Eurostat/rail_go_intgong/A.MIO_TKM.WORLD.BG),Annual – Million tonne-kilometre (TKM) – All countries of the world – Switzerland (Eurostat/rail_go_intgong/A.MIO_TKM.WORLD.CH),Annual – Million tonne-kilometre (TKM) – All countries of the world – Czechia (Eurostat/rail_go_intgong/A.MIO_TKM.WORLD.CZ),Annual – Million tonne-kilometre (TKM) – All countries of the world – Germany (Eurostat/rail_go_intgong/A.MIO_TKM.WORLD.DE),Annual – Million tonne-kilometre (TKM) – All countries of the world – Denmark (Eurostat/rail_go_intgong/A.MIO_TKM.WORLD.DK),Annual – Million tonne-kilometre (TKM) – All countries of the world – Estonia (Eurostat/rail_go_intgong/A.MIO_TKM.WORLD.EE),Annual – Million tonne-kilometre (TKM) – All countries of the world – Greece (Eurostat/rail_go_intgong/A.MIO_TKM.WORLD.EL),Annual – Million tonne-kilometre (TKM) – All countries of the world – Spain (Eurostat/rail_go_intgong/A.MIO_TKM.WORLD.ES),Annual – Million tonne-kilometre (TKM) – All countries of the world – Finland (Eurostat/rail_go_intgong/A.MIO_TKM.WORLD.FI),Annual – Million tonne-kilometre (TKM) – All countries of the world – France (Eurostat/rail_go_intgong/A.MIO_TKM.WORLD.FR),Annual – Million tonne-kilometre (TKM) – All countries of the world – Croatia (Eurostat/rail_go_intgong/A.MIO_TKM.WORLD.HR),Annual – Million tonne-kilometre (TKM) – All countries of the world – Hungary (Eurostat/rail_go_intgong/A.MIO_TKM.WORLD.HU),Annual – Million tonne-kilometre (TKM) – All countries of the world – Ireland (Eurostat/rail_go_intgong/A.MIO_TKM.WORLD.IE),Annual – Million tonne-kilometre (TKM) – All countries of the world – Italy (Eurostat/rail_go_intgong/A.MIO_TKM.WORLD.IT),Annual – Million tonne-kilometre (TKM) – All countries of the world – Lithuania (Eurostat/rail_go_intgong/A.MIO_TKM.WORLD.LT),Annual – Million tonne-kilometre (TKM) – All countries of the world – Luxembourg (Eurostat/rail_go_intgong/A.MIO_TKM.WORLD.LU),Annual – Million tonne-kilometre (TKM) – All countries of the world – Latvia (Eurostat/rail_go_intgong/A.MIO_TKM.WORLD.LV),Annual – Million tonne-kilometre (TKM) – All countries of the world – Montenegro (Eurostat/rail_go_intgong/A.MIO_TKM.WORLD.ME),Annual – Million tonne-kilometre (TKM) – All countries of the world – North Macedonia (Eurostat/rail_go_intgong/A.MIO_TKM.WORLD.MK),Annual – Million tonne-kilometre (TKM) – All countries of the world – Netherlands (Eurostat/rail_go_intgong/A.MIO_TKM.WORLD.NL),Annual – Million tonne-kilometre (TKM) – All countries of the world – Norway (Eurostat/rail_go_intgong/A.MIO_TKM.WORLD.NO),Annual – Million tonne-kilometre (TKM) – All countries of the world – Poland (Eurostat/rail_go_intgong/A.MIO_TKM.WORLD.PL),Annual – Million tonne-kilometre (TKM) – All countries of the world – Portugal (Eurostat/rail_go_intgong/A.MIO_TKM.WORLD.PT),Annual – Million tonne-kilometre (TKM) – All countries of the world – Romania (Eurostat/rail_go_intgong/A.MIO_TKM.WORLD.RO),Annual – Million tonne-kilometre (TKM) – All countries of the world – Sweden (Eurostat/rail_go_intgong/A.MIO_TKM.WORLD.SE),Annual – Million tonne-kilometre (TKM) – All countries of the world – Slovenia (Eurostat/rail_go_intgong/A.MIO_TKM.WORLD.SI),Annual – Million tonne-kilometre (TKM) – All countries of the world – Slovakia (Eurostat/rail_go_intgong/A.MIO_TKM.WORLD.SK),Annual – Million tonne-kilometre (TKM) – All countries of the world – Türkiye (Eurostat/rail_go_intgong/A.MIO_TKM.WORLD.TR),Annual – Million tonne-kilometre (TKM) – All countries of the world – United Kingdom (Eurostat/rail_go_intgong/A.MIO_TKM.WORLD.UK),Annual – Thousand tonnes – All countries of the world – Austria (Eurostat/rail_go_intgong/A.THS_T.WORLD.AT),Annual – Thousand tonnes – All countries of the world – Belgium (Eurostat/rail_go_intgong/A.THS_T.WORLD.BE),Annual – Thousand tonnes – All countries of the world – Bulgaria (Eurostat/rail_go_intgong/A.THS_T.WORLD.BG),Annual – Thousand tonnes – All countries of the world – Switzerland (Eurostat/rail_go_intgong/A.THS_T.WORLD.CH),Annual – Thousand tonnes – All countries of the world – Czechia (Eurostat/rail_go_intgong/A.THS_T.WORLD.CZ),Annual – Thousand tonnes – All countries of the world – Germany (Eurostat/rail_go_intgong/A.THS_T.WORLD.DE),Annual – Thousand tonnes – All countries of the world – Denmark (Eurostat/rail_go_intgong/A.THS_T.WORLD.DK),Annual – Thousand tonnes – All countries of the world – Estonia (Eurostat/rail_go_intgong/A.THS_T.WORLD.EE),Annual – Thousand tonnes – All countries of the world – Greece (Eurostat/rail_go_intgong/A.THS_T.WORLD.EL),Annual – Thousand tonnes – All countries of the world – Spain (Eurostat/rail_go_intgong/A.THS_T.WORLD.ES),Annual – Thousand tonnes – All countries of the world – Finland (Eurostat/rail_go_intgong/A.THS_T.WORLD.FI),Annual – Thousand tonnes – All countries of the world – France (Eurostat/rail_go_intgong/A.THS_T.WORLD.FR),Annual – Thousand tonnes – All countries of the world – Croatia (Eurostat/rail_go_intgong/A.THS_T.WORLD.HR),Annual – Thousand tonnes – All countries of the world – Hungary (Eurostat/rail_go_intgong/A.THS_T.WORLD.HU),Annual – Thousand tonnes – All countries of the world – Ireland (Eurostat/rail_go_intgong/A.THS_T.WORLD.IE),Annual – Thousand tonnes – All countries of the world – Italy (Eurostat/rail_go_intgong/A.THS_T.WORLD.IT),Annual – Thousand tonnes – All countries of the world – Lithuania (Eurostat/rail_go_intgong/A.THS_T.WORLD.LT),Annual – Thousand tonnes – All countries of the world – Luxembourg (Eurostat/rail_go_intgong/A.THS_T.WORLD.LU),Annual – Thousand tonnes – All countries of the world – Latvia (Eurostat/rail_go_intgong/A.THS_T.WORLD.LV),Annual – Thousand tonnes – All countries of the world – Montenegro (Eurostat/rail_go_intgong/A.THS_T.WORLD.ME),Annual – Thousand tonnes – All countries of the world – North Macedonia (Eurostat/rail_go_intgong/A.THS_T.WORLD.MK),Annual – Thousand tonnes – All countries of the world – Netherlands (Eurostat/rail_go_intgong/A.THS_T.WORLD.NL),Annual – Thousand tonnes – All countries of the world – Norway (Eurostat/rail_go_intgong/A.THS_T.WORLD.NO),Annual – Thousand tonnes – All countries of the world – Poland (Eurostat/rail_go_intgong/A.THS_T.WORLD.PL),Annual – Thousand tonnes – All countries of the world – Portugal (Eurostat/rail_go_intgong/A.THS_T.WORLD.PT),Annual – Thousand tonnes – All countries of the world – Romania (Eurostat/rail_go_intgong/A.THS_T.WORLD.RO),Annual – Thousand tonnes – All countries of the world – Sweden (Eurostat/rail_go_intgong/A.THS_T.WORLD.SE),Annual – Thousand tonnes – All countries of the world – Slovenia (Eurostat/rail_go_intgong/A.THS_T.WORLD.SI),Annual – Thousand tonnes – All countries of the world – Slovakia (Eurostat/rail_go_intgong/A.THS_T.WORLD.SK),Annual – Thousand tonnes – All countries of the world – Türkiye (Eurostat/rail_go_intgong/A.THS_T.WORLD.TR),Annual – Thousand tonnes – All countries of the world – United Kingdom (Eurostat/rail_go_intgong/A.THS_T.WORLD.UK)
2003,NA,3112.0,NA,NA,5101.0,16867.0,209.0,250.0,NA,1036.0,237.0,7477.0,NA,1602.0,NA,2742.0,1478.0,NA,910.0,NA,NA,2798.0,182.0,6111.0,126.0,NA,5209.0,948.0,2228.0,493.0,156.0,NA,19775.0,NA,NA,22661.0,41228.0,1155.0,1447.0,NA,2342.0,1170.0,18169.0,NA,9587.0,NA,14315.0,7053.0,NA,2984.0,NA,NA,17263.0,1481.0,23698.0,392.0,NA,17981.0,4351.0,12914.0,690.0,656.0
2004,NA,3317.0,NA,NA,4720.0,19238.0,209.0,264.0,76.0,1058.0,339.0,7189.0,416.0,1593.0,1.0,2708.0,1172.0,70.0,NA,NA,NA,3197.0,128.0,6042.0,141.0,2456.0,5460.0,1018.0,2077.0,707.0,NA,NA,20397.0,NA,NA,20401.0,46053.0,1063.0,1390.0,462.0,2665.0,1654.0,18013.0,2319.0,9376.0,4.0,13689.0,5002.0,2607.0,1919.0,NA,NA,18922.0,927.0,22845.0,449.0,7377.0,19458.0,4694.0,12576.0,918.0,NA
2005,NA,3131.0,NA,NA,4788.0,20860.0,171.0,253.0,114.0,902.0,337.0,6175.0,606.0,1750.0,NA,2296.0,1255.0,56.0,NA,NA,NA,3027.0,166.0,5791.0,147.0,1206.0,5402.0,1080.0,1960.0,648.0,202.0,NA,19649.0,NA,NA,20494.0,48152.0,1003.0,1445.0,633.0,1718.0,1621.0,16426.0,3345.0,10038.0,NA,11230.0,5480.0,1932.0,1992.0,NA,NA,17800.0,1071.0,21576.0,462.0,3711.0,20248.0,4969.0,11592.0,1152.0,646.0
2006,NA,3874.0,356.0,NA,4682.0,23818.0,175.0,290.0,89.0,848.0,339.0,6312.0,723.0,1966.0,NA,2408.0,1089.0,71.0,668.0,NA,NA,3375.0,195.0,6927.0,158.0,1089.0,5193.0,1052.0,1818.0,877.0,189.0,NA,24035.0,1966.0,NA,21875.0,54495.0,899.0,1583.0,687.0,1834.0,1478.0,16436.0,3697.0,11330.0,NA,11546.0,4981.0,2278.0,2131.0,NA,NA,19627.0,1179.0,25682.0,527.0,3416.0,20175.0,4811.0,12174.0,1390.0,637.0
2007,NA,3836.0,423.0,NA,4444.0,24969.0,134.0,325.0,221.0,821.0,318.0,NA,975.0,1961.0,NA,2752.0,1039.0,NA,736.0,NA,NA,3971.0,201.0,6832.0,141.0,1117.0,5291.0,1274.0,1671.0,863.0,156.0,NA,24180.0,2162.0,NA,22140.0,56302.0,779.0,2000.0,2103.0,1799.0,1540.0,NA,4563.0,11102.0,NA,12172.0,5028.0,NA,2356.0,NA,NA,22363.0,1191.0,25199.0,453.0,3341.0,20463.0,5558.0,11654.0,1548.0,580.0
2008,NA,3490.0,424.0,599.0,4442.0,24315.0,89.0,326.0,175.0,733.0,405.0,NA,908.0,1953.0,NA,NA,1308.0,NA,833.0,NA,NA,4119.0,123.0,6097.0,142.0,1251.0,4994.0,1316.0,1438.0,901.0,222.0,NA,21062.0,1875.0,3826.0,21228.0,54251.0,597.0,1922.0,1615.0,1724.0,1735.0,NA,4885.0,11610.0,NA,NA,5944.0,NA,2652.0,NA,NA,23926.0,814.0,22024.0,461.0,3415.0,18711.0,5591.0,10813.0,1762.0,631.0
2009,NA,2429.0,276.0,401.0,3839.0,18832.0,63.0,198.0,122.0,528.0,218.0,3755.0,840.0,1583.0,NA,2854.0,1037.0,NA,721.0,NA,40.0,3194.0,112.0,3792.0,112.0,483.0,4527.0,961.0,1290.0,519.0,225.0,NA,14939.0,1238.0,2846.0,18049.0,41779.0,439.0,1278.0,1291.0,1222.0,1002.0,9897.0,3662.0,9110.0,NA,15249.0,4200.0,NA,2222.0,NA,276.0,19362.0,765.0,14306.0,345.0,1534.0,16673.0,4109.0,9140.0,1231.0,543.0
2010,NA,2667.0,227.0,439.0,3990.0,20694.0,64.0,436.0,161.0,720.0,279.0,3940.0,775.0,1742.0,NA,2714.0,1260.0,NA,1094.0,NA,44.0,3261.0,131.0,4379.0,185.0,743.0,5482.0,1285.0,1520.0,582.0,221.0,NA,18368.0,1289.0,3084.0,19748.0,45117.0,471.0,2117.0,1781.0,1542.0,1195.0,11138.0,4160.0,10192.0,NA,15727.0,4680.0,NA,3206.0,NA,267.0,19224.0,799.0,17069.0,602.0,2198.0,22343.0,5285.0,11104.0,1266.0,506.0
2011,NA,2512.0,273.0,377.0,3804.0,20971.0,55.0,642.0,133.0,893.0,261.0,4090.0,795.0,2385.0,NA,3909.0,1340.0,NA,1783.0,NA,47.0,NA,202.0,4291.0,212.0,1054.0,5522.0,1513.0,1315.0,596.0,201.0,NA,15441.0,1483.0,2885.0,19401.0,46255.0,402.0,3243.0,1342.0,1852.0,1137.0,11750.0,4425.0,12153.0,NA,22334.0,5166.0,NA,4931.0,NA,284.0,NA,1460.0,15897.0,702.0,2883.0,22696.0,6255.0,10407.0,1183.0,440.0
2012,NA,NA,252.0,321.0,3895.0,20310.0,44.0,477.0,108.0,912.0,206.0,4333.0,772.0,2204.0,NA,3747.0,1440.0,NA,1741.0,NA,25.0,4000.0,133.0,4567.0,65.0,832.0,5290.0,1362.0,1266.0,465.0,217.0,NA,NA,1263.0,2215.0,19099.0,45284.0,303.0,2892.0,1273.0,1840.0,905.0,13142.0,3855.0,11396.0,NA,20762.0,5284.0,NA,4884.0,NA,165.0,24458.0,1788.0,17048.0,176.0,2229.0,23014.0,5745.0,9788.0,883.0,477.0
2013,NA,NA,218.0,305.0,3781.0,19845.0,48.0,274.0,92.0,1027.0,169.0,4891.0,398.0,2841.0,NA,3533.0,1374.0,NA,1514.0,NA,15.0,4124.0,177.0,5519.0,97.0,1078.0,5161.0,1475.0,1424.0,269.0,247.0,NA,NA,1129.0,2554.0,18812.0,45526.0,291.0,1978.0,1049.0,2362.0,884.0,15305.0,2878.0,14266.0,NA,21479.0,5081.0,NA,4353.0,NA,88.0,25932.0,2511.0,18565.0,257.0,3259.0,24593.0,6296.0,11437.0,578.0,1627.0
2014,NA,NA,259.0,281.0,3701.0,20337.0,54.0,221.0,107.0,996.0,110.0,5190.0,517.0,2748.0,NA,3457.0,1138.0,NA,1502.0,NA,27.0,4159.0,259.0,4953.0,126.0,1179.0,5252.0,1559.0,1467.0,294.0,320.0,NA,NA,1300.0,2445.0,18598.0,45885.0,307.0,1222.0,1084.0,2631.0,642.0,15045.0,3633.0,13940.0,NA,21187.0,4163.0,NA,4518.0,NA,143.0,26251.0,3461.0,18466.0,359.0,3695.0,24996.0,6758.0,11293.0,675.0,2036.0
2015,NA,NA,399.0,313.0,3867.0,21277.0,70.0,134.0,105.0,1092.0,77.0,5829.0,656.0,2676.0,NA,3458.0,1029.0,NA,867.0,NA,16.0,4350.0,227.0,5193.0,168.0,1142.0,5190.0,1655.0,1620.0,230.0,247.0,NA,NA,1787.0,2342.0,18838.0,47500.0,396.0,689.0,546.0,2729.0,414.0,18637.0,4099.0,13017.0,NA,20918.0,4095.0,NA,2847.0,NA,85.0,27046.0,3057.0,18415.0,456.0,3534.0,22894.0,6912.0,11732.0,801.0,540.0
2016,4070.0,NA,364.0,323.0,4061.0,22626.0,94.0,182.0,90.0,1030.0,76.0,4990.0,480.0,2596.0,NA,4276.0,976.0,65.0,686.0,NA,17.0,4397.0,146.0,5250.0,142.0,1212.0,5698.0,1694.0,1736.0,243.0,215.0,17313.0,NA,1517.0,2269.0,19650.0,45126.0,492.0,868.0,397.0,2535.0,414.0,16956.0,3272.0,12514.0,NA,23812.0,3838.0,1296.0,2381.0,NA,103.0,27469.0,2710.0,17600.0,410.0,3225.0,25140.0,7101.0,13026.0,781.0,368.0
2017,4170.0,NA,439.0,351.0,4127.0,21444.0,82.0,198.0,124.0,1059.0,70.0,5550.0,604.0,2815.0,NA,4372.0,1234.0,65.0,554.0,6.0,21.0,4044.0,335.0,5937.0,139.0,1330.0,5663.0,1919.0,1792.0,224.0,245.0,17716.0,NA,1809.0,2186.0,19661.0,43325.0,431.0,759.0,473.0,2673.0,425.0,17471.0,3159.0,13856.0,NA,24047.0,4662.0,1273.0,1836.0,57.0,110.0,25302.0,2868.0,21622.0,428.0,4042.0,25433.0,7740.0,12857.0,849.0,381.0
2018,4195.0,NA,443.0,409.0,4106.0,22031.0,73.0,182.0,171.0,914.0,62.0,5536.0,772.0,2574.0,NA,4165.0,1075.0,68.0,776.0,41.0,30.0,4056.0,308.0,6431.0,179.0,1101.0,5544.0,1901.0,1699.0,304.0,248.0,17824.0,NA,1944.0,2850.0,20324.0,44650.0,384.0,722.0,615.0,2320.0,428.0,15564.0,4354.0,12721.0,NA,23751.0,4529.0,1315.0,2379.0,349.0,147.0,24660.0,2630.0,20521.0,556.0,3546.0,26066.0,7472.0,12300.0,919.0,358.0
2019,4027.0,NA,530.0,393.0,4087.0,23787.0,83.0,192.0,199.0,960.0,61.0,5253.0,1020.0,2826.0,NA,3837.0,1149.0,59.0,720.0,27.0,30.0,4345.0,338.0,3982.0,167.0,1100.0,5449.0,1878.0,1399.0,351.0,266.0,17054.0,NA,2161.0,2858.0,20496.0,45921.0,400.0,802.0,569.0,2481.0,361.0,15383.0,6392.0,12770.0,NA,23376.0,5009.0,1174.0,2285.0,236.0,146.0,25872.0,3047.0,16919.0,542.0,3766.0,25716.0,7374.0,11200.0,1068.0,390.0
2020,3866.0,NA,622.0,428.0,4213.0,20426.0,102.0,171.0,221.0,824.0,112.0,4742.0,1123.0,3366.0,NA,3754.0,1392.0,47.0,640.0,24.0,20.0,3982.0,337.0,3945.0,126.0,868.0,5158.0,1635.0,1230.0,560.0,NA,16177.0,NA,2789.0,2706.0,20975.0,42837.0,529.0,672.0,540.0,2307.0,555.0,13051.0,5944.0,14877.0,NA,22824.0,5395.0,925.0,2027.0,211.0,102.0,23425.0,2939.0,16924.0,382.0,2848.0,25580.0,6171.0,10410.0,1542.0,NA
2021,3964.0,NA,689.0,457.0,4795.0,24301.0,80.0,205.0,254.0,915.0,96.0,5479.0,989.0,2993.0,NA,4629.0,1085.0,57.0,710.0,NA,30.0,4391.0,451.0,4666.0,65.0,931.0,NA,1854.0,1688.0,584.0,NA,17581.0,NA,2798.0,2884.0,24262.0,48907.0,362.0,809.0,697.0,2562.0,536.0,15321.0,5780.0,13935.0,NA,27008.0,4911.0,1120.0,2138.0,NA,150.0,25802.0,3672.0,21646.0,487.0,3512.0,NA,6716.0,13113.0,1943.0,NA
2022,3756.0,NA,838.0,532.0,4258.0,23971.0,90.0,178.0,247.0,910.0,26.0,5579.0,1073.0,2774.0,NA,4675.0,449.0,51.0,1146.0,45.0,25.0,4474.0,486.0,5666.0,155.0,1469.0,NA,1820.0,1347.0,741.0,NA,17041.0,NA,3007.0,3268.0,19459.0,48119.0,470.0,675.0,629.0,2626.0,145.0,15489.0,5852.0,13081.0,NA,27145.0,3644.0,1029.0,3733.0,156.0,118.0,27241.0,3208.0,23383.0,433.0,4216.0,NA,7127.0,10996.0,2182.0,NA
2023,3516.0,NA,617.0,444.0,3810.0,23802.0,80.0,182.0,122.0,799.0,NA,4791.0,1064.0,2825.0,NA,4276.0,339.0,51.0,1086.0,NA,9.0,4048.0,445.0,7733.0,175.0,1294.0,NA,1620.0,1314.0,511.0,NA,15355.0,NA,2376.0,3129.0,18269.0,44883.0,425.0,1388.0,287.0,2334.0,NA,12633.0,5704.0,12996.0,NA,24039.0,3346.0,1019.0,3496.0,NA,53.0,23959.0,3359.0,24767.0,440.0,3352.0,NA,6229.0,11029.0,1882.0,NA
2024,3788.0,NA,459.0,262.0,3619.0,24753.0,56.0,121.0,152.0,819.0,NA,4938.0,1239.0,2979.0,NA,3899.0,248.0,49.0,491.0,11.0,17.0,3656.0,465.0,7199.0,193.0,990.0,NA,1579.0,1814.0,516.0,NA,16762.0,NA,1965.0,1905.0,18277.0,46544.0,284.0,540.0,347.0,2235.0,NA,12528.0,5823.0,13175.0,NA,23009.0,2599.0,997.0,1740.0,79.0,79.0,21736.0,3453.0,24613.0,408.0,3038.0,NA,6017.0,12690.0,2104.0,NA
