Date의 연도,Missile Name,Missile Family,Launches
2024,Unknown,*,4
2023,Unknown,*,10
2022,Unknown,*,40
2021,Unknown,,
2020,Unknown,,
2019,Unknown,*,3
2018,Unknown,,
2017,Unknown,Unknown,1
2016,Unknown,,
2015,Unknown,,
2014,Unknown,,
2013,Unknown,,
2012,Unknown,,
2011,Unknown,,
2010,Unknown,,
2009,Unknown,,
2008,Unknown,,
2007,Unknown,,
2006,Unknown,,
2005,Unknown,,
2004,Unknown,,
2003,Unknown,,
2002,Unknown,,
2001,Unknown,,
2000,Unknown,,
1999,Unknown,,
1998,Unknown,,
1997,Unknown,,
1996,Unknown,,
1995,Unknown,,
1994,Unknown,,
1993,Unknown,,
1992,Unknown,,
1991,Unknown,,
1990,Unknown,,
1989,Unknown,,
1988,Unknown,,
1987,Unknown,,
1986,Unknown,Unknown,1
1985,Unknown,,
1984,Unknown,,
2024,Unha-3,,
2023,Unha-3,,
2022,Unha-3,,
2021,Unha-3,,
2020,Unha-3,,
2019,Unha-3,,
2018,Unha-3,,
2017,Unha-3,,
2016,Unha-3,Space Launch Vehicle,1
2015,Unha-3,,
2014,Unha-3,,
2013,Unha-3,,
2012,Unha-3,Space Launch Vehicle,2
2011,Unha-3,,
2010,Unha-3,,
2009,Unha-3,,
2008,Unha-3,,
2007,Unha-3,,
2006,Unha-3,,
2005,Unha-3,,
2004,Unha-3,,
2003,Unha-3,,
2002,Unha-3,,
2001,Unha-3,,
2000,Unha-3,,
1999,Unha-3,,
1998,Unha-3,,
1997,Unha-3,,
1996,Unha-3,,
1995,Unha-3,,
1994,Unha-3,,
1993,Unha-3,,
1992,Unha-3,,
1991,Unha-3,,
1990,Unha-3,,
1989,Unha-3,,
1988,Unha-3,,
1987,Unha-3,,
1986,Unha-3,,
1985,Unha-3,,
1984,Unha-3,,
2024,Unha,,
2023,Unha,,
2022,Unha,,
2021,Unha,,
2020,Unha,,
2019,Unha,,
2018,Unha,,
2017,Unha,,
2016,Unha,,
2015,Unha,,
2014,Unha,,
2013,Unha,,
2012,Unha,,
2011,Unha,,
2010,Unha,,
2009,Unha,Space Launch Vehicle,1
2008,Unha,,
2007,Unha,,
2006,Unha,Space Launch Vehicle,1
2005,Unha,,
2004,Unha,,
2003,Unha,,
2002,Unha,,
2001,Unha,,
2000,Unha,,
1999,Unha,,
1998,Unha,,
1997,Unha,,
1996,Unha,,
1995,Unha,,
1994,Unha,,
1993,Unha,,
1992,Unha,,
1991,Unha,,
1990,Unha,,
1989,Unha,,
1988,Unha,,
1987,Unha,,
1986,Unha,,
1985,Unha,,
1984,Unha,,
2024,Taepodong-1,,
2023,Taepodong-1,,
2022,Taepodong-1,,
2021,Taepodong-1,,
2020,Taepodong-1,,
2019,Taepodong-1,,
2018,Taepodong-1,,
2017,Taepodong-1,,
2016,Taepodong-1,,
2015,Taepodong-1,,
2014,Taepodong-1,,
2013,Taepodong-1,,
2012,Taepodong-1,,
2011,Taepodong-1,,
2010,Taepodong-1,,
2009,Taepodong-1,,
2008,Taepodong-1,,
2007,Taepodong-1,,
2006,Taepodong-1,,
2005,Taepodong-1,,
2004,Taepodong-1,,
2003,Taepodong-1,,
2002,Taepodong-1,,
2001,Taepodong-1,,
2000,Taepodong-1,,
1999,Taepodong-1,,
1998,Taepodong-1,Space Launch Vehicle,1
1997,Taepodong-1,,
1996,Taepodong-1,,
1995,Taepodong-1,,
1994,Taepodong-1,,
1993,Taepodong-1,,
1992,Taepodong-1,,
1991,Taepodong-1,,
1990,Taepodong-1,,
1989,Taepodong-1,,
1988,Taepodong-1,,
1987,Taepodong-1,,
1986,Taepodong-1,,
1985,Taepodong-1,,
1984,Taepodong-1,,
2024,Silo-based KN-23,,
2023,Silo-based KN-23,Short Range Ballistic Missile,1
2022,Silo-based KN-23,,
2021,Silo-based KN-23,,
2020,Silo-based KN-23,,
2019,Silo-based KN-23,,
2018,Silo-based KN-23,,
2017,Silo-based KN-23,,
2016,Silo-based KN-23,,
2015,Silo-based KN-23,,
2014,Silo-based KN-23,,
2013,Silo-based KN-23,,
2012,Silo-based KN-23,,
2011,Silo-based KN-23,,
2010,Silo-based KN-23,,
2009,Silo-based KN-23,,
2008,Silo-based KN-23,,
2007,Silo-based KN-23,,
2006,Silo-based KN-23,,
2005,Silo-based KN-23,,
2004,Silo-based KN-23,,
2003,Silo-based KN-23,,
2002,Silo-based KN-23,,
2001,Silo-based KN-23,,
2000,Silo-based KN-23,,
1999,Silo-based KN-23,,
1998,Silo-based KN-23,,
1997,Silo-based KN-23,,
1996,Silo-based KN-23,,
1995,Silo-based KN-23,,
1994,Silo-based KN-23,,
1993,Silo-based KN-23,,
1992,Silo-based KN-23,,
1991,Silo-based KN-23,,
1990,Silo-based KN-23,,
1989,Silo-based KN-23,,
1988,Silo-based KN-23,,
1987,Silo-based KN-23,,
1986,Silo-based KN-23,,
1985,Silo-based KN-23,,
1984,Silo-based KN-23,,
2024,Scud-C MaRV,,
2023,Scud-C MaRV,,
2022,Scud-C MaRV,,
2021,Scud-C MaRV,,
2020,Scud-C MaRV,,
2019,Scud-C MaRV,,
2018,Scud-C MaRV,,
2017,Scud-C MaRV,Short Range Ballistic Missile,1
2016,Scud-C MaRV,,
2015,Scud-C MaRV,,
2014,Scud-C MaRV,,
2013,Scud-C MaRV,,
2012,Scud-C MaRV,,
2011,Scud-C MaRV,,
2010,Scud-C MaRV,,
2009,Scud-C MaRV,,
2008,Scud-C MaRV,,
2007,Scud-C MaRV,,
2006,Scud-C MaRV,,
2005,Scud-C MaRV,,
2004,Scud-C MaRV,,
2003,Scud-C MaRV,,
2002,Scud-C MaRV,,
2001,Scud-C MaRV,,
2000,Scud-C MaRV,,
1999,Scud-C MaRV,,
1998,Scud-C MaRV,,
1997,Scud-C MaRV,,
1996,Scud-C MaRV,,
1995,Scud-C MaRV,,
1994,Scud-C MaRV,,
1993,Scud-C MaRV,,
1992,Scud-C MaRV,,
1991,Scud-C MaRV,,
1990,Scud-C MaRV,,
1989,Scud-C MaRV,,
1988,Scud-C MaRV,,
1987,Scud-C MaRV,,
1986,Scud-C MaRV,,
1985,Scud-C MaRV,,
1984,Scud-C MaRV,,
2024,Scud-C,,
2023,Scud-C,,
2022,Scud-C,,
2021,Scud-C,,
2020,Scud-C,,
2019,Scud-C,,
2018,Scud-C,,
2017,Scud-C,,
2016,Scud-C,Short Range Ballistic Missile,4
2015,Scud-C,Short Range Ballistic Missile,2
2014,Scud-C,Short Range Ballistic Missile,9
2013,Scud-C,,
2012,Scud-C,,
2011,Scud-C,,
2010,Scud-C,,
2009,Scud-C,Short Range Ballistic Missile,5
2008,Scud-C,,
2007,Scud-C,,
2006,Scud-C,Short Range Ballistic Missile,2
2005,Scud-C,,
2004,Scud-C,,
2003,Scud-C,,
2002,Scud-C,,
2001,Scud-C,,
2000,Scud-C,,
1999,Scud-C,,
1998,Scud-C,,
1997,Scud-C,,
1996,Scud-C,,
1995,Scud-C,,
1994,Scud-C,,
1993,Scud-C,Short Range Ballistic Missile,3
1992,Scud-C,,
1991,Scud-C,Short Range Ballistic Missile,1
1990,Scud-C,Short Range Ballistic Missile,1
1989,Scud-C,,
1988,Scud-C,,
1987,Scud-C,,
1986,Scud-C,,
1985,Scud-C,,
1984,Scud-C,,
2024,Scud-B MaRV,,
2023,Scud-B MaRV,,
2022,Scud-B MaRV,,
2021,Scud-B MaRV,,
2020,Scud-B MaRV,,
2019,Scud-B MaRV,,
2018,Scud-B MaRV,,
2017,Scud-B MaRV,Short Range Ballistic Missile,3
2016,Scud-B MaRV,,
2015,Scud-B MaRV,,
2014,Scud-B MaRV,,
2013,Scud-B MaRV,,
2012,Scud-B MaRV,,
2011,Scud-B MaRV,,
2010,Scud-B MaRV,,
2009,Scud-B MaRV,,
2008,Scud-B MaRV,,
2007,Scud-B MaRV,,
2006,Scud-B MaRV,,
2005,Scud-B MaRV,,
2004,Scud-B MaRV,,
2003,Scud-B MaRV,,
2002,Scud-B MaRV,,
2001,Scud-B MaRV,,
2000,Scud-B MaRV,,
1999,Scud-B MaRV,,
1998,Scud-B MaRV,,
1997,Scud-B MaRV,,
1996,Scud-B MaRV,,
1995,Scud-B MaRV,,
1994,Scud-B MaRV,,
1993,Scud-B MaRV,,
1992,Scud-B MaRV,,
1991,Scud-B MaRV,,
1990,Scud-B MaRV,,
1989,Scud-B MaRV,,
1988,Scud-B MaRV,,
1987,Scud-B MaRV,,
1986,Scud-B MaRV,,
1985,Scud-B MaRV,,
1984,Scud-B MaRV,,
2024,Scud-B,,
2023,Scud-B,,
2022,Scud-B,,
2021,Scud-B,,
2020,Scud-B,,
2019,Scud-B,,
2018,Scud-B,,
2017,Scud-B,,
2016,Scud-B,,
2015,Scud-B,,
2014,Scud-B,Short Range Ballistic Missile,4
2013,Scud-B,,
2012,Scud-B,,
2011,Scud-B,,
2010,Scud-B,,
2009,Scud-B,,
2008,Scud-B,,
2007,Scud-B,,
2006,Scud-B,,
2005,Scud-B,,
2004,Scud-B,,
2003,Scud-B,,
2002,Scud-B,,
2001,Scud-B,,
2000,Scud-B,,
1999,Scud-B,,
1998,Scud-B,,
1997,Scud-B,,
1996,Scud-B,,
1995,Scud-B,,
1994,Scud-B,,
1993,Scud-B,,
1992,Scud-B,,
1991,Scud-B,,
1990,Scud-B,,
1989,Scud-B,,
1988,Scud-B,,
1987,Scud-B,,
1986,Scud-B,,
1985,Scud-B,,
1984,Scud-B,Short Range Ballistic Missile,3
2024,Rail-mobile KN-23,,
2023,Rail-mobile KN-23,,
2022,Rail-mobile KN-23,Short Range Ballistic Missile,2
2021,Rail-mobile KN-23,Short Range Ballistic Missile,2
2020,Rail-mobile KN-23,,
2019,Rail-mobile KN-23,,
2018,Rail-mobile KN-23,,
2017,Rail-mobile KN-23,,
2016,Rail-mobile KN-23,,
2015,Rail-mobile KN-23,,
2014,Rail-mobile KN-23,,
2013,Rail-mobile KN-23,,
2012,Rail-mobile KN-23,,
2011,Rail-mobile KN-23,,
2010,Rail-mobile KN-23,,
2009,Rail-mobile KN-23,,
2008,Rail-mobile KN-23,,
2007,Rail-mobile KN-23,,
2006,Rail-mobile KN-23,,
2005,Rail-mobile KN-23,,
2004,Rail-mobile KN-23,,
2003,Rail-mobile KN-23,,
2002,Rail-mobile KN-23,,
2001,Rail-mobile KN-23,,
2000,Rail-mobile KN-23,,
1999,Rail-mobile KN-23,,
1998,Rail-mobile KN-23,,
1997,Rail-mobile KN-23,,
1996,Rail-mobile KN-23,,
1995,Rail-mobile KN-23,,
1994,Rail-mobile KN-23,,
1993,Rail-mobile KN-23,,
1992,Rail-mobile KN-23,,
1991,Rail-mobile KN-23,,
1990,Rail-mobile KN-23,,
1989,Rail-mobile KN-23,,
1988,Rail-mobile KN-23,,
1987,Rail-mobile KN-23,,
1986,Rail-mobile KN-23,,
1985,Rail-mobile KN-23,,
1984,Rail-mobile KN-23,,
2024,Pukguksong-3,,
2023,Pukguksong-3,,
2022,Pukguksong-3,,
2021,Pukguksong-3,,
2020,Pukguksong-3,,
2019,Pukguksong-3,Sub-Launched Ballistic Missile,1
2018,Pukguksong-3,,
2017,Pukguksong-3,,
2016,Pukguksong-3,,
2015,Pukguksong-3,,
2014,Pukguksong-3,,
2013,Pukguksong-3,,
2012,Pukguksong-3,,
2011,Pukguksong-3,,
2010,Pukguksong-3,,
2009,Pukguksong-3,,
2008,Pukguksong-3,,
2007,Pukguksong-3,,
2006,Pukguksong-3,,
2005,Pukguksong-3,,
2004,Pukguksong-3,,
2003,Pukguksong-3,,
2002,Pukguksong-3,,
2001,Pukguksong-3,,
2000,Pukguksong-3,,
1999,Pukguksong-3,,
1998,Pukguksong-3,,
1997,Pukguksong-3,,
1996,Pukguksong-3,,
1995,Pukguksong-3,,
1994,Pukguksong-3,,
1993,Pukguksong-3,,
1992,Pukguksong-3,,
1991,Pukguksong-3,,
1990,Pukguksong-3,,
1989,Pukguksong-3,,
1988,Pukguksong-3,,
1987,Pukguksong-3,,
1986,Pukguksong-3,,
1985,Pukguksong-3,,
1984,Pukguksong-3,,
2024,Pukguksong-2,,
2023,Pukguksong-2,,
2022,Pukguksong-2,,
2021,Pukguksong-2,,
2020,Pukguksong-2,,
2019,Pukguksong-2,,
2018,Pukguksong-2,,
2017,Pukguksong-2,Medium Range Ballistic Missile,2
2016,Pukguksong-2,,
2015,Pukguksong-2,,
2014,Pukguksong-2,,
2013,Pukguksong-2,,
2012,Pukguksong-2,,
2011,Pukguksong-2,,
2010,Pukguksong-2,,
2009,Pukguksong-2,,
2008,Pukguksong-2,,
2007,Pukguksong-2,,
2006,Pukguksong-2,,
2005,Pukguksong-2,,
2004,Pukguksong-2,,
2003,Pukguksong-2,,
2002,Pukguksong-2,,
2001,Pukguksong-2,,
2000,Pukguksong-2,,
1999,Pukguksong-2,,
1998,Pukguksong-2,,
1997,Pukguksong-2,,
1996,Pukguksong-2,,
1995,Pukguksong-2,,
1994,Pukguksong-2,,
1993,Pukguksong-2,,
1992,Pukguksong-2,,
1991,Pukguksong-2,,
1990,Pukguksong-2,,
1989,Pukguksong-2,,
1988,Pukguksong-2,,
1987,Pukguksong-2,,
1986,Pukguksong-2,,
1985,Pukguksong-2,,
1984,Pukguksong-2,,
2024,Pukguksong-1,,
2023,Pukguksong-1,,
2022,Pukguksong-1,,
2021,Pukguksong-1,,
2020,Pukguksong-1,,
2019,Pukguksong-1,,
2018,Pukguksong-1,,
2017,Pukguksong-1,,
2016,Pukguksong-1,Sub-Launched Ballistic Missile,3
2015,Pukguksong-1,Sub-Launched Ballistic Missile,3
2014,Pukguksong-1,,
2013,Pukguksong-1,,
2012,Pukguksong-1,,
2011,Pukguksong-1,,
2010,Pukguksong-1,,
2009,Pukguksong-1,,
2008,Pukguksong-1,,
2007,Pukguksong-1,,
2006,Pukguksong-1,,
2005,Pukguksong-1,,
2004,Pukguksong-1,,
2003,Pukguksong-1,,
2002,Pukguksong-1,,
2001,Pukguksong-1,,
2000,Pukguksong-1,,
1999,Pukguksong-1,,
1998,Pukguksong-1,,
1997,Pukguksong-1,,
1996,Pukguksong-1,,
1995,Pukguksong-1,,
1994,Pukguksong-1,,
1993,Pukguksong-1,,
1992,Pukguksong-1,,
1991,Pukguksong-1,,
1990,Pukguksong-1,,
1989,Pukguksong-1,,
1988,Pukguksong-1,,
1987,Pukguksong-1,,
1986,Pukguksong-1,,
1985,Pukguksong-1,,
1984,Pukguksong-1,,
2024,Nodong,,
2023,Nodong,,
2022,Nodong,,
2021,Nodong,,
2020,Nodong,,
2019,Nodong,,
2018,Nodong,,
2017,Nodong,,
2016,Nodong,Medium Range Ballistic Missile,5
2015,Nodong,,
2014,Nodong,Medium Range Ballistic Missile,2
2013,Nodong,,
2012,Nodong,,
2011,Nodong,,
2010,Nodong,,
2009,Nodong,Medium Range Ballistic Missile,2
2008,Nodong,,
2007,Nodong,,
2006,Nodong,Medium Range Ballistic Missile,4
2005,Nodong,,
2004,Nodong,,
2003,Nodong,,
2002,Nodong,,
2001,Nodong,,
2000,Nodong,,
1999,Nodong,,
1998,Nodong,,
1997,Nodong,,
1996,Nodong,,
1995,Nodong,,
1994,Nodong,,
1993,Nodong,Medium Range Ballistic Missile,1
1992,Nodong,Medium Range Ballistic Missile,1
1991,Nodong,,
1990,Nodong,Medium Range Ballistic Missile,1
1989,Nodong,,
1988,Nodong,,
1987,Nodong,,
1986,Nodong,,
1985,Nodong,,
1984,Nodong,,
2024,New IRBM (2022),,
2023,New IRBM (2022),,
2022,New IRBM (2022),Intermediate Range Ballistic Missile,1
2021,New IRBM (2022),,
2020,New IRBM (2022),,
2019,New IRBM (2022),,
2018,New IRBM (2022),,
2017,New IRBM (2022),,
2016,New IRBM (2022),,
2015,New IRBM (2022),,
2014,New IRBM (2022),,
2013,New IRBM (2022),,
2012,New IRBM (2022),,
2011,New IRBM (2022),,
2010,New IRBM (2022),,
2009,New IRBM (2022),,
2008,New IRBM (2022),,
2007,New IRBM (2022),,
2006,New IRBM (2022),,
2005,New IRBM (2022),,
2004,New IRBM (2022),,
2003,New IRBM (2022),,
2002,New IRBM (2022),,
2001,New IRBM (2022),,
2000,New IRBM (2022),,
1999,New IRBM (2022),,
1998,New IRBM (2022),,
1997,New IRBM (2022),,
1996,New IRBM (2022),,
1995,New IRBM (2022),,
1994,New IRBM (2022),,
1993,New IRBM (2022),,
1992,New IRBM (2022),,
1991,New IRBM (2022),,
1990,New IRBM (2022),,
1989,New IRBM (2022),,
1988,New IRBM (2022),,
1987,New IRBM (2022),,
1986,New IRBM (2022),,
1985,New IRBM (2022),,
1984,New IRBM (2022),,
2024,Musudan,,
2023,Musudan,,
2022,Musudan,,
2021,Musudan,,
2020,Musudan,,
2019,Musudan,,
2018,Musudan,,
2017,Musudan,,
2016,Musudan,Intermediate Range Ballistic Missile,8
2015,Musudan,,
2014,Musudan,,
2013,Musudan,,
2012,Musudan,,
2011,Musudan,,
2010,Musudan,,
2009,Musudan,,
2008,Musudan,,
2007,Musudan,,
2006,Musudan,,
2005,Musudan,,
2004,Musudan,,
2003,Musudan,,
2002,Musudan,,
2001,Musudan,,
2000,Musudan,,
1999,Musudan,,
1998,Musudan,,
1997,Musudan,,
1996,Musudan,,
1995,Musudan,,
1994,Musudan,,
1993,Musudan,,
1992,Musudan,,
1991,Musudan,,
1990,Musudan,,
1989,Musudan,,
1988,Musudan,,
1987,Musudan,,
1986,Musudan,,
1985,Musudan,,
1984,Musudan,,
2024,KN-25,Short Range Ballistic Missile,31
2023,KN-25,Short Range Ballistic Missile,2
2022,KN-25,Short Range Ballistic Missile,8
2021,KN-25,,
2020,KN-25,Short Range Ballistic Missile,7
2019,KN-25,Short Range Ballistic Missile,11
2018,KN-25,,
2017,KN-25,,
2016,KN-25,,
2015,KN-25,,
2014,KN-25,,
2013,KN-25,,
2012,KN-25,,
2011,KN-25,,
2010,KN-25,,
2009,KN-25,,
2008,KN-25,,
2007,KN-25,,
2006,KN-25,,
2005,KN-25,,
2004,KN-25,,
2003,KN-25,,
2002,KN-25,,
2001,KN-25,,
2000,KN-25,,
1999,KN-25,,
1998,KN-25,,
1997,KN-25,,
1996,KN-25,,
1995,KN-25,,
1994,KN-25,,
1993,KN-25,,
1992,KN-25,,
1991,KN-25,,
1990,KN-25,,
1989,KN-25,,
1988,KN-25,,
1987,KN-25,,
1986,KN-25,,
1985,KN-25,,
1984,KN-25,,
2024,KN-23,,
2023,KN-23,,
2022,KN-23,Short Range Ballistic Missile,1
2021,KN-23,,
2020,KN-23,,
2019,KN-23,,
2018,KN-23,,
2017,KN-23,,
2016,KN-23,,
2015,KN-23,,
2014,KN-23,,
2013,KN-23,,
2012,KN-23,,
2011,KN-23,,
2010,KN-23,,
2009,KN-23,,
2008,KN-23,,
2007,KN-23,,
2006,KN-23,,
2005,KN-23,,
2004,KN-23,,
2003,KN-23,,
2002,KN-23,,
2001,KN-23,,
2000,KN-23,,
1999,KN-23,,
1998,KN-23,,
1997,KN-23,,
1996,KN-23,,
1995,KN-23,,
1994,KN-23,,
1993,KN-23,,
1992,KN-23,,
1991,KN-23,,
1990,KN-23,,
1989,KN-23,,
1988,KN-23,,
1987,KN-23,,
1986,KN-23,,
1985,KN-23,,
1984,KN-23,,
2024,KN-02,,
2023,KN-02,,
2022,KN-02,,
2021,KN-02,,
2020,KN-02,,
2019,KN-02,,
2018,KN-02,,
2017,KN-02,,
2016,KN-02,,
2015,KN-02,Short Range Ballistic Missile,10
2014,KN-02,Short Range Ballistic Missile,4
2013,KN-02,Short Range Ballistic Missile,6
2012,KN-02,,
2011,KN-02,,
2010,KN-02,,
2009,KN-02,,
2008,KN-02,,
2007,KN-02,,
2006,KN-02,,
2005,KN-02,,
2004,KN-02,,
2003,KN-02,,
2002,KN-02,,
2001,KN-02,,
2000,KN-02,,
1999,KN-02,,
1998,KN-02,,
1997,KN-02,,
1996,KN-02,,
1995,KN-02,,
1994,KN-02,,
1993,KN-02,,
1992,KN-02,,
1991,KN-02,,
1990,KN-02,,
1989,KN-02,,
1988,KN-02,,
1987,KN-02,,
1986,KN-02,,
1985,KN-02,,
1984,KN-02,,
2024,Hwasong-19,ICBM,1
2023,Hwasong-19,,
2022,Hwasong-19,,
2021,Hwasong-19,,
2020,Hwasong-19,,
2019,Hwasong-19,,
2018,Hwasong-19,,
2017,Hwasong-19,,
2016,Hwasong-19,,
2015,Hwasong-19,,
2014,Hwasong-19,,
2013,Hwasong-19,,
2012,Hwasong-19,,
2011,Hwasong-19,,
2010,Hwasong-19,,
2009,Hwasong-19,,
2008,Hwasong-19,,
2007,Hwasong-19,,
2006,Hwasong-19,,
2005,Hwasong-19,,
2004,Hwasong-19,,
2003,Hwasong-19,,
2002,Hwasong-19,,
2001,Hwasong-19,,
2000,Hwasong-19,,
1999,Hwasong-19,,
1998,Hwasong-19,,
1997,Hwasong-19,,
1996,Hwasong-19,,
1995,Hwasong-19,,
1994,Hwasong-19,,
1993,Hwasong-19,,
1992,Hwasong-19,,
1991,Hwasong-19,,
1990,Hwasong-19,,
1989,Hwasong-19,,
1988,Hwasong-19,,
1987,Hwasong-19,,
1986,Hwasong-19,,
1985,Hwasong-19,,
1984,Hwasong-19,,
2024,Hwasong-18,,
2023,Hwasong-18,ICBM,3
2022,Hwasong-18,,
2021,Hwasong-18,,
2020,Hwasong-18,,
2019,Hwasong-18,,
2018,Hwasong-18,,
2017,Hwasong-18,,
2016,Hwasong-18,,
2015,Hwasong-18,,
2014,Hwasong-18,,
2013,Hwasong-18,,
2012,Hwasong-18,,
2011,Hwasong-18,,
2010,Hwasong-18,,
2009,Hwasong-18,,
2008,Hwasong-18,,
2007,Hwasong-18,,
2006,Hwasong-18,,
2005,Hwasong-18,,
2004,Hwasong-18,,
2003,Hwasong-18,,
2002,Hwasong-18,,
2001,Hwasong-18,,
2000,Hwasong-18,,
1999,Hwasong-18,,
1998,Hwasong-18,,
1997,Hwasong-18,,
1996,Hwasong-18,,
1995,Hwasong-18,,
1994,Hwasong-18,,
1993,Hwasong-18,,
1992,Hwasong-18,,
1991,Hwasong-18,,
1990,Hwasong-18,,
1989,Hwasong-18,,
1988,Hwasong-18,,
1987,Hwasong-18,,
1986,Hwasong-18,,
1985,Hwasong-18,,
1984,Hwasong-18,,
2024,Hwasong-17,,
2023,Hwasong-17,ICBM,1
2022,Hwasong-17,ICBM,2
2021,Hwasong-17,,
2020,Hwasong-17,,
2019,Hwasong-17,,
2018,Hwasong-17,,
2017,Hwasong-17,,
2016,Hwasong-17,,
2015,Hwasong-17,,
2014,Hwasong-17,,
2013,Hwasong-17,,
2012,Hwasong-17,,
2011,Hwasong-17,,
2010,Hwasong-17,,
2009,Hwasong-17,,
2008,Hwasong-17,,
2007,Hwasong-17,,
2006,Hwasong-17,,
2005,Hwasong-17,,
2004,Hwasong-17,,
2003,Hwasong-17,,
2002,Hwasong-17,,
2001,Hwasong-17,,
2000,Hwasong-17,,
1999,Hwasong-17,,
1998,Hwasong-17,,
1997,Hwasong-17,,
1996,Hwasong-17,,
1995,Hwasong-17,,
1994,Hwasong-17,,
1993,Hwasong-17,,
1992,Hwasong-17,,
1991,Hwasong-17,,
1990,Hwasong-17,,
1989,Hwasong-17,,
1988,Hwasong-17,,
1987,Hwasong-17,,
1986,Hwasong-17,,
1985,Hwasong-17,,
1984,Hwasong-17,,
2024,Hwasong-16B,Intermediate Range Ballistic Missile,1
2023,Hwasong-16B,,
2022,Hwasong-16B,,
2021,Hwasong-16B,,
2020,Hwasong-16B,,
2019,Hwasong-16B,,
2018,Hwasong-16B,,
2017,Hwasong-16B,,
2016,Hwasong-16B,,
2015,Hwasong-16B,,
2014,Hwasong-16B,,
2013,Hwasong-16B,,
2012,Hwasong-16B,,
2011,Hwasong-16B,,
2010,Hwasong-16B,,
2009,Hwasong-16B,,
2008,Hwasong-16B,,
2007,Hwasong-16B,,
2006,Hwasong-16B,,
2005,Hwasong-16B,,
2004,Hwasong-16B,,
2003,Hwasong-16B,,
2002,Hwasong-16B,,
2001,Hwasong-16B,,
2000,Hwasong-16B,,
1999,Hwasong-16B,,
1998,Hwasong-16B,,
1997,Hwasong-16B,,
1996,Hwasong-16B,,
1995,Hwasong-16B,,
1994,Hwasong-16B,,
1993,Hwasong-16B,,
1992,Hwasong-16B,,
1991,Hwasong-16B,,
1990,Hwasong-16B,,
1989,Hwasong-16B,,
1988,Hwasong-16B,,
1987,Hwasong-16B,,
1986,Hwasong-16B,,
1985,Hwasong-16B,,
1984,Hwasong-16B,,
2024,Hwasong-16A?,Intermediate Range Ballistic Missile,1
2023,Hwasong-16A?,,
2022,Hwasong-16A?,,
2021,Hwasong-16A?,,
2020,Hwasong-16A?,,
2019,Hwasong-16A?,,
2018,Hwasong-16A?,,
2017,Hwasong-16A?,,
2016,Hwasong-16A?,,
2015,Hwasong-16A?,,
2014,Hwasong-16A?,,
2013,Hwasong-16A?,,
2012,Hwasong-16A?,,
2011,Hwasong-16A?,,
2010,Hwasong-16A?,,
2009,Hwasong-16A?,,
2008,Hwasong-16A?,,
2007,Hwasong-16A?,,
2006,Hwasong-16A?,,
2005,Hwasong-16A?,,
2004,Hwasong-16A?,,
2003,Hwasong-16A?,,
2002,Hwasong-16A?,,
2001,Hwasong-16A?,,
2000,Hwasong-16A?,,
1999,Hwasong-16A?,,
1998,Hwasong-16A?,,
1997,Hwasong-16A?,,
1996,Hwasong-16A?,,
1995,Hwasong-16A?,,
1994,Hwasong-16A?,,
1993,Hwasong-16A?,,
1992,Hwasong-16A?,,
1991,Hwasong-16A?,,
1990,Hwasong-16A?,,
1989,Hwasong-16A?,,
1988,Hwasong-16A?,,
1987,Hwasong-16A?,,
1986,Hwasong-16A?,,
1985,Hwasong-16A?,,
1984,Hwasong-16A?,,
2024,Hwasong-15,,
2023,Hwasong-15,ICBM,1
2022,Hwasong-15,ICBM,1
2021,Hwasong-15,,
2020,Hwasong-15,,
2019,Hwasong-15,,
2018,Hwasong-15,,
2017,Hwasong-15,ICBM,1
2016,Hwasong-15,,
2015,Hwasong-15,,
2014,Hwasong-15,,
2013,Hwasong-15,,
2012,Hwasong-15,,
2011,Hwasong-15,,
2010,Hwasong-15,,
2009,Hwasong-15,,
2008,Hwasong-15,,
2007,Hwasong-15,,
2006,Hwasong-15,,
2005,Hwasong-15,,
2004,Hwasong-15,,
2003,Hwasong-15,,
2002,Hwasong-15,,
2001,Hwasong-15,,
2000,Hwasong-15,,
1999,Hwasong-15,,
1998,Hwasong-15,,
1997,Hwasong-15,,
1996,Hwasong-15,,
1995,Hwasong-15,,
1994,Hwasong-15,,
1993,Hwasong-15,,
1992,Hwasong-15,,
1991,Hwasong-15,,
1990,Hwasong-15,,
1989,Hwasong-15,,
1988,Hwasong-15,,
1987,Hwasong-15,,
1986,Hwasong-15,,
1985,Hwasong-15,,
1984,Hwasong-15,,
2024,Hwasong-14,,
2023,Hwasong-14,,
2022,Hwasong-14,,
2021,Hwasong-14,,
2020,Hwasong-14,,
2019,Hwasong-14,,
2018,Hwasong-14,,
2017,Hwasong-14,ICBM,2
2016,Hwasong-14,,
2015,Hwasong-14,,
2014,Hwasong-14,,
2013,Hwasong-14,,
2012,Hwasong-14,,
2011,Hwasong-14,,
2010,Hwasong-14,,
2009,Hwasong-14,,
2008,Hwasong-14,,
2007,Hwasong-14,,
2006,Hwasong-14,,
2005,Hwasong-14,,
2004,Hwasong-14,,
2003,Hwasong-14,,
2002,Hwasong-14,,
2001,Hwasong-14,,
2000,Hwasong-14,,
1999,Hwasong-14,,
1998,Hwasong-14,,
1997,Hwasong-14,,
1996,Hwasong-14,,
1995,Hwasong-14,,
1994,Hwasong-14,,
1993,Hwasong-14,,
1992,Hwasong-14,,
1991,Hwasong-14,,
1990,Hwasong-14,,
1989,Hwasong-14,,
1988,Hwasong-14,,
1987,Hwasong-14,,
1986,Hwasong-14,,
1985,Hwasong-14,,
1984,Hwasong-14,,
2024,Hwasong-12B,,
2023,Hwasong-12B,,
2022,Hwasong-12B,,
2021,Hwasong-12B,Medium Range Ballistic Missile,1
2020,Hwasong-12B,,
2019,Hwasong-12B,,
2018,Hwasong-12B,,
2017,Hwasong-12B,,
2016,Hwasong-12B,,
2015,Hwasong-12B,,
2014,Hwasong-12B,,
2013,Hwasong-12B,,
2012,Hwasong-12B,,
2011,Hwasong-12B,,
2010,Hwasong-12B,,
2009,Hwasong-12B,,
2008,Hwasong-12B,,
2007,Hwasong-12B,,
2006,Hwasong-12B,,
2005,Hwasong-12B,,
2004,Hwasong-12B,,
2003,Hwasong-12B,,
2002,Hwasong-12B,,
2001,Hwasong-12B,,
2000,Hwasong-12B,,
1999,Hwasong-12B,,
1998,Hwasong-12B,,
1997,Hwasong-12B,,
1996,Hwasong-12B,,
1995,Hwasong-12B,,
1994,Hwasong-12B,,
1993,Hwasong-12B,,
1992,Hwasong-12B,,
1991,Hwasong-12B,,
1990,Hwasong-12B,,
1989,Hwasong-12B,,
1988,Hwasong-12B,,
1987,Hwasong-12B,,
1986,Hwasong-12B,,
1985,Hwasong-12B,,
1984,Hwasong-12B,,
2024,Hwasong-12A?,,
2023,Hwasong-12A?,,
2022,Hwasong-12A?,Medium Range Ballistic Missile,2
2021,Hwasong-12A?,,
2020,Hwasong-12A?,,
2019,Hwasong-12A?,,
2018,Hwasong-12A?,,
2017,Hwasong-12A?,,
2016,Hwasong-12A?,,
2015,Hwasong-12A?,,
2014,Hwasong-12A?,,
2013,Hwasong-12A?,,
2012,Hwasong-12A?,,
2011,Hwasong-12A?,,
2010,Hwasong-12A?,,
2009,Hwasong-12A?,,
2008,Hwasong-12A?,,
2007,Hwasong-12A?,,
2006,Hwasong-12A?,,
2005,Hwasong-12A?,,
2004,Hwasong-12A?,,
2003,Hwasong-12A?,,
2002,Hwasong-12A?,,
2001,Hwasong-12A?,,
2000,Hwasong-12A?,,
1999,Hwasong-12A?,,
1998,Hwasong-12A?,,
1997,Hwasong-12A?,,
1996,Hwasong-12A?,,
1995,Hwasong-12A?,,
1994,Hwasong-12A?,,
1993,Hwasong-12A?,,
1992,Hwasong-12A?,,
1991,Hwasong-12A?,,
1990,Hwasong-12A?,,
1989,Hwasong-12A?,,
1988,Hwasong-12A?,,
1987,Hwasong-12A?,,
1986,Hwasong-12A?,,
1985,Hwasong-12A?,,
1984,Hwasong-12A?,,
2024,Hwasong-12,,
2023,Hwasong-12,,
2022,Hwasong-12,Intermediate Range Ballistic Missile,1
2021,Hwasong-12,,
2020,Hwasong-12,,
2019,Hwasong-12,,
2018,Hwasong-12,,
2017,Hwasong-12,Intermediate Range Ballistic Missile,6
2016,Hwasong-12,,
2015,Hwasong-12,,
2014,Hwasong-12,,
2013,Hwasong-12,,
2012,Hwasong-12,,
2011,Hwasong-12,,
2010,Hwasong-12,,
2009,Hwasong-12,,
2008,Hwasong-12,,
2007,Hwasong-12,,
2006,Hwasong-12,,
2005,Hwasong-12,,
2004,Hwasong-12,,
2003,Hwasong-12,,
2002,Hwasong-12,,
2001,Hwasong-12,,
2000,Hwasong-12,,
1999,Hwasong-12,,
1998,Hwasong-12,,
1997,Hwasong-12,,
1996,Hwasong-12,,
1995,Hwasong-12,,
1994,Hwasong-12,,
1993,Hwasong-12,,
1992,Hwasong-12,,
1991,Hwasong-12,,
1990,Hwasong-12,,
1989,Hwasong-12,,
1988,Hwasong-12,,
1987,Hwasong-12,,
1986,Hwasong-12,,
1985,Hwasong-12,,
1984,Hwasong-12,,
2024,Hwasong-11S (Navalized KN-23),,
2023,Hwasong-11S (Navalized KN-23),,
2022,Hwasong-11S (Navalized KN-23),Short Range Ballistic Missile,1
2021,Hwasong-11S (Navalized KN-23),Sub-Launched Ballistic Missile,1
2020,Hwasong-11S (Navalized KN-23),,
2019,Hwasong-11S (Navalized KN-23),,
2018,Hwasong-11S (Navalized KN-23),,
2017,Hwasong-11S (Navalized KN-23),,
2016,Hwasong-11S (Navalized KN-23),,
2015,Hwasong-11S (Navalized KN-23),,
2014,Hwasong-11S (Navalized KN-23),,
2013,Hwasong-11S (Navalized KN-23),,
2012,Hwasong-11S (Navalized KN-23),,
2011,Hwasong-11S (Navalized KN-23),,
2010,Hwasong-11S (Navalized KN-23),,
2009,Hwasong-11S (Navalized KN-23),,
2008,Hwasong-11S (Navalized KN-23),,
2007,Hwasong-11S (Navalized KN-23),,
2006,Hwasong-11S (Navalized KN-23),,
2005,Hwasong-11S (Navalized KN-23),,
2004,Hwasong-11S (Navalized KN-23),,
2003,Hwasong-11S (Navalized KN-23),,
2002,Hwasong-11S (Navalized KN-23),,
2001,Hwasong-11S (Navalized KN-23),,
2000,Hwasong-11S (Navalized KN-23),,
1999,Hwasong-11S (Navalized KN-23),,
1998,Hwasong-11S (Navalized KN-23),,
1997,Hwasong-11S (Navalized KN-23),,
1996,Hwasong-11S (Navalized KN-23),,
1995,Hwasong-11S (Navalized KN-23),,
1994,Hwasong-11S (Navalized KN-23),,
1993,Hwasong-11S (Navalized KN-23),,
1992,Hwasong-11S (Navalized KN-23),,
1991,Hwasong-11S (Navalized KN-23),,
1990,Hwasong-11S (Navalized KN-23),,
1989,Hwasong-11S (Navalized KN-23),,
1988,Hwasong-11S (Navalized KN-23),,
1987,Hwasong-11S (Navalized KN-23),,
1986,Hwasong-11S (Navalized KN-23),,
1985,Hwasong-11S (Navalized KN-23),,
1984,Hwasong-11S (Navalized KN-23),,
2024,Hwasong-11D,,
2023,Hwasong-11D,Short Range Ballistic Missile,6
2022,Hwasong-11D,Short Range Ballistic Missile,2
2021,Hwasong-11D,,
2020,Hwasong-11D,,
2019,Hwasong-11D,,
2018,Hwasong-11D,,
2017,Hwasong-11D,,
2016,Hwasong-11D,,
2015,Hwasong-11D,,
2014,Hwasong-11D,,
2013,Hwasong-11D,,
2012,Hwasong-11D,,
2011,Hwasong-11D,,
2010,Hwasong-11D,,
2009,Hwasong-11D,,
2008,Hwasong-11D,,
2007,Hwasong-11D,,
2006,Hwasong-11D,,
2005,Hwasong-11D,,
2004,Hwasong-11D,,
2003,Hwasong-11D,,
2002,Hwasong-11D,,
2001,Hwasong-11D,,
2000,Hwasong-11D,,
1999,Hwasong-11D,,
1998,Hwasong-11D,,
1997,Hwasong-11D,,
1996,Hwasong-11D,,
1995,Hwasong-11D,,
1994,Hwasong-11D,,
1993,Hwasong-11D,,
1992,Hwasong-11D,,
1991,Hwasong-11D,,
1990,Hwasong-11D,,
1989,Hwasong-11D,,
1988,Hwasong-11D,,
1987,Hwasong-11D,,
1986,Hwasong-11D,,
1985,Hwasong-11D,,
1984,Hwasong-11D,,
2024,Hwasong-11C,,
2023,Hwasong-11C,,
2022,Hwasong-11C,Short Range Ballistic Missile,2
2021,Hwasong-11C,Short Range Ballistic Missile,2
2020,Hwasong-11C,,
2019,Hwasong-11C,,
2018,Hwasong-11C,,
2017,Hwasong-11C,,
2016,Hwasong-11C,,
2015,Hwasong-11C,,
2014,Hwasong-11C,,
2013,Hwasong-11C,,
2012,Hwasong-11C,,
2011,Hwasong-11C,,
2010,Hwasong-11C,,
2009,Hwasong-11C,,
2008,Hwasong-11C,,
2007,Hwasong-11C,,
2006,Hwasong-11C,,
2005,Hwasong-11C,,
2004,Hwasong-11C,,
2003,Hwasong-11C,,
2002,Hwasong-11C,,
2001,Hwasong-11C,,
2000,Hwasong-11C,,
1999,Hwasong-11C,,
1998,Hwasong-11C,,
1997,Hwasong-11C,,
1996,Hwasong-11C,,
1995,Hwasong-11C,,
1994,Hwasong-11C,,
1993,Hwasong-11C,,
1992,Hwasong-11C,,
1991,Hwasong-11C,,
1990,Hwasong-11C,,
1989,Hwasong-11C,,
1988,Hwasong-11C,,
1987,Hwasong-11C,,
1986,Hwasong-11C,,
1985,Hwasong-11C,,
1984,Hwasong-11C,,
2024,Hwasong-11B (KN-24),,
2023,Hwasong-11B (KN-24),Short Range Ballistic Missile,2
2022,Hwasong-11B (KN-24),Short Range Ballistic Missile,2
2021,Hwasong-11B (KN-24),,
2020,Hwasong-11B (KN-24),Short Range Ballistic Missile,2
2019,Hwasong-11B (KN-24),Short Range Ballistic Missile,4
2018,Hwasong-11B (KN-24),,
2017,Hwasong-11B (KN-24),,
2016,Hwasong-11B (KN-24),,
2015,Hwasong-11B (KN-24),,
2014,Hwasong-11B (KN-24),,
2013,Hwasong-11B (KN-24),,
2012,Hwasong-11B (KN-24),,
2011,Hwasong-11B (KN-24),,
2010,Hwasong-11B (KN-24),,
2009,Hwasong-11B (KN-24),,
2008,Hwasong-11B (KN-24),,
2007,Hwasong-11B (KN-24),,
2006,Hwasong-11B (KN-24),,
2005,Hwasong-11B (KN-24),,
2004,Hwasong-11B (KN-24),,
2003,Hwasong-11B (KN-24),,
2002,Hwasong-11B (KN-24),,
2001,Hwasong-11B (KN-24),,
2000,Hwasong-11B (KN-24),,
1999,Hwasong-11B (KN-24),,
1998,Hwasong-11B (KN-24),,
1997,Hwasong-11B (KN-24),,
1996,Hwasong-11B (KN-24),,
1995,Hwasong-11B (KN-24),,
1994,Hwasong-11B (KN-24),,
1993,Hwasong-11B (KN-24),,
1992,Hwasong-11B (KN-24),,
1991,Hwasong-11B (KN-24),,
1990,Hwasong-11B (KN-24),,
1989,Hwasong-11B (KN-24),,
1988,Hwasong-11B (KN-24),,
1987,Hwasong-11B (KN-24),,
1986,Hwasong-11B (KN-24),,
1985,Hwasong-11B (KN-24),,
1984,Hwasong-11B (KN-24),,
2024,Hwasong-11A (KN-23),,
2023,Hwasong-11A (KN-23),Short Range Ballistic Missile,4
2022,Hwasong-11A (KN-23),Short Range Ballistic Missile,4
2021,Hwasong-11A (KN-23),,
2020,Hwasong-11A (KN-23),,
2019,Hwasong-11A (KN-23),Short Range Ballistic Missile,8
2018,Hwasong-11A (KN-23),,
2017,Hwasong-11A (KN-23),,
2016,Hwasong-11A (KN-23),,
2015,Hwasong-11A (KN-23),,
2014,Hwasong-11A (KN-23),,
2013,Hwasong-11A (KN-23),,
2012,Hwasong-11A (KN-23),,
2011,Hwasong-11A (KN-23),,
2010,Hwasong-11A (KN-23),,
2009,Hwasong-11A (KN-23),,
2008,Hwasong-11A (KN-23),,
2007,Hwasong-11A (KN-23),,
2006,Hwasong-11A (KN-23),,
2005,Hwasong-11A (KN-23),,
2004,Hwasong-11A (KN-23),,
2003,Hwasong-11A (KN-23),,
2002,Hwasong-11A (KN-23),,
2001,Hwasong-11A (KN-23),,
2000,Hwasong-11A (KN-23),,
1999,Hwasong-11A (KN-23),,
1998,Hwasong-11A (KN-23),,
1997,Hwasong-11A (KN-23),,
1996,Hwasong-11A (KN-23),,
1995,Hwasong-11A (KN-23),,
1994,Hwasong-11A (KN-23),,
1993,Hwasong-11A (KN-23),,
1992,Hwasong-11A (KN-23),,
1991,Hwasong-11A (KN-23),,
1990,Hwasong-11A (KN-23),,
1989,Hwasong-11A (KN-23),,
1988,Hwasong-11A (KN-23),,
1987,Hwasong-11A (KN-23),,
1986,Hwasong-11A (KN-23),,
1985,Hwasong-11A (KN-23),,
1984,Hwasong-11A (KN-23),,
2024,Hwasong-11-Da-4.5,Short Range Ballistic Missile,3
2023,Hwasong-11-Da-4.5,,
2022,Hwasong-11-Da-4.5,,
2021,Hwasong-11-Da-4.5,,
2020,Hwasong-11-Da-4.5,,
2019,Hwasong-11-Da-4.5,,
2018,Hwasong-11-Da-4.5,,
2017,Hwasong-11-Da-4.5,,
2016,Hwasong-11-Da-4.5,,
2015,Hwasong-11-Da-4.5,,
2014,Hwasong-11-Da-4.5,,
2013,Hwasong-11-Da-4.5,,
2012,Hwasong-11-Da-4.5,,
2011,Hwasong-11-Da-4.5,,
2010,Hwasong-11-Da-4.5,,
2009,Hwasong-11-Da-4.5,,
2008,Hwasong-11-Da-4.5,,
2007,Hwasong-11-Da-4.5,,
2006,Hwasong-11-Da-4.5,,
2005,Hwasong-11-Da-4.5,,
2004,Hwasong-11-Da-4.5,,
2003,Hwasong-11-Da-4.5,,
2002,Hwasong-11-Da-4.5,,
2001,Hwasong-11-Da-4.5,,
2000,Hwasong-11-Da-4.5,,
1999,Hwasong-11-Da-4.5,,
1998,Hwasong-11-Da-4.5,,
1997,Hwasong-11-Da-4.5,,
1996,Hwasong-11-Da-4.5,,
1995,Hwasong-11-Da-4.5,,
1994,Hwasong-11-Da-4.5,,
1993,Hwasong-11-Da-4.5,,
1992,Hwasong-11-Da-4.5,,
1991,Hwasong-11-Da-4.5,,
1990,Hwasong-11-Da-4.5,,
1989,Hwasong-11-Da-4.5,,
1988,Hwasong-11-Da-4.5,,
1987,Hwasong-11-Da-4.5,,
1986,Hwasong-11-Da-4.5,,
1985,Hwasong-11-Da-4.5,,
1984,Hwasong-11-Da-4.5,,
2024,ER Scud,,
2023,ER Scud,,
2022,ER Scud,,
2021,ER Scud,,
2020,ER Scud,,
2019,ER Scud,,
2018,ER Scud,,
2017,ER Scud,Medium Range Ballistic Missile,5
2016,ER Scud,Medium Range Ballistic Missile,3
2015,ER Scud,,
2014,ER Scud,,
2013,ER Scud,,
2012,ER Scud,,
2011,ER Scud,,
2010,ER Scud,,
2009,ER Scud,,
2008,ER Scud,,
2007,ER Scud,,
2006,ER Scud,,
2005,ER Scud,,
2004,ER Scud,,
2003,ER Scud,,
2002,ER Scud,,
2001,ER Scud,,
2000,ER Scud,,
1999,ER Scud,,
1998,ER Scud,,
1997,ER Scud,,
1996,ER Scud,,
1995,ER Scud,,
1994,ER Scud,,
1993,ER Scud,,
1992,ER Scud,,
1991,ER Scud,,
1990,ER Scud,,
1989,ER Scud,,
1988,ER Scud,,
1987,ER Scud,,
1986,ER Scud,,
1985,ER Scud,,
1984,ER Scud,,
2024,Chollima-1,,
2023,Chollima-1,Space Launch Vehicle,3
2022,Chollima-1,,
2021,Chollima-1,,
2020,Chollima-1,,
2019,Chollima-1,,
2018,Chollima-1,,
2017,Chollima-1,,
2016,Chollima-1,,
2015,Chollima-1,,
2014,Chollima-1,,
2013,Chollima-1,,
2012,Chollima-1,,
2011,Chollima-1,,
2010,Chollima-1,,
2009,Chollima-1,,
2008,Chollima-1,,
2007,Chollima-1,,
2006,Chollima-1,,
2005,Chollima-1,,
2004,Chollima-1,,
2003,Chollima-1,,
2002,Chollima-1,,
2001,Chollima-1,,
2000,Chollima-1,,
1999,Chollima-1,,
1998,Chollima-1,,
1997,Chollima-1,,
1996,Chollima-1,,
1995,Chollima-1,,
1994,Chollima-1,,
1993,Chollima-1,,
1992,Chollima-1,,
1991,Chollima-1,,
1990,Chollima-1,,
1989,Chollima-1,,
1988,Chollima-1,,
1987,Chollima-1,,
1986,Chollima-1,,
1985,Chollima-1,,
1984,Chollima-1,,
